name,death_cause,death_year,birth_year,migration_status,profession_raw,death_cause_reasoning,article_url
Абчук Аврам  Пінхусович,executed,1937,1897,deported,письменник і критик,"The year 1937 combined with deportation status and the abrupt nature of the entry's end (indicating arrest during Soviet purges) strongly suggests execution during Stalin's Great Terror, when many Ukrainian intellectuals and cultural workers were shot.",https://esu.com.ua/article-42252
Арнаутов Олексій  Васильович,executed,1937,1907,non_migrated,композитор,"The biography provides a death date of September 3, 1937, during the height of Stalin's Great Purge, with no mention of illness or natural causes, and the abrupt termination of the biographical entry suggests political repression typical of executions during this period.",https://esu.com.ua/article-43279
Бабій Адам Минович,executed,1937,1897,deported,диригент,"The biography indicates death on 11.12.1937 during the Great Terror period with burial at Bykivnia (a mass execution site near Kyiv), combined with deportation status, which is consistent with execution by Soviet authorities rather than natural death or other causes.",https://esu.com.ua/article-38606
Биковець Михайло Миколайович,executed,1937,1894,deported,письменник,"The death date of October 23, 1937, combined with deportation status and the location of death in Kharkiv during Stalin's Great Purge, indicates execution during the mass repressions of that period, which was the typical fate of Ukrainian intellectuals arrested and deported at that time.",https://esu.com.ua/article-41803
Білий Володимир Васильович,executed,1937,1894,non_migrated,етнограф і літературознавець,"The biography provides a specific death date of November 22, 1937 in Kyiv during the Great Purge period, and the abrupt end of the biographical entry combined with the year 1937 (peak of Stalin's terror) strongly suggests execution as the cause of death.",https://esu.com.ua/article-40026
Булатович Микола  Євгенович,executed,1937,1909,deported,поет,"The death occurred in 1937 during the Great Purge, the subject was deported, and the specific date of death (03.09.1937) combined with the deportation status and the peak year of Stalin's terror suggests execution rather than natural causes or other circumstances.",https://esu.com.ua/article-37854
Дробинський Борис  Костянтинович,executed,1937,1904,deported,актор,"The death year of 1937 (peak of Stalin's Great Purge), deportation status, and location in Kyiv during this period strongly suggest execution by Soviet authorities, which was the typical fate of deported cultural workers at that time.",https://esu.com.ua/article-21777
Ковальський Володимир Антонович,executed,1937,1912,internal_transfer,письменник,"The death occurred in Minsk on 28.12.1937 during Stalin's Great Purge, and Soviet writers were systematically executed during this period; the biographical entry provides no indication of natural death or other causes.",https://esu.com.ua/article-9063
Ковальчук Яків Охрімович,executed,1937,1889,deported,прозаїк,"Died in 1937 in Sandormokh, Karelia, a known execution site for Soviet political prisoners, during the Great Purge when many Ukrainian writers were systematically executed.",https://esu.com.ua/article-7227
Концевич Григорій Митрофанович,executed,1937,1863,non_migrated,хоровий диригент,"Died in Krasnodar in 1937 during Stalin's Great Purge, when thousands of cultural figures were executed; the timing and location are consistent with extrajudicial execution typical of Soviet repression in this period, though the biography entry provided does not explicitly state the cause.",https://esu.com.ua/article-3246
Косенко Олександр Дмитрович,executed,1937,1904,deported,поет,"Kosenko was deported during the 1937 Great Purge period and died on November 18, 1937, which aligns with mass executions of intellectuals and cultural figures during Stalin's terror campaign; the timing and circumstances of death during active repression of Ukrainian writers indicate execution rather than natural causes.",https://esu.com.ua/article-3777
Кочемба Василь,executed,1937,,migrated,український поет у Словаччині,"The death date of 23.09.1937 during the Great Purge period, combined with the migration status and the biographical context of a Ukrainian creative worker, strongly suggests execution during Stalin's mass repression campaign of 1937, though the text does not explicitly state the cause.",https://esu.com.ua/article-1211
Кржемінський Костянтин  Іполитович,executed,1937,1893,deported,живописець,"The death occurred in 1937 at Biykivnya, a known execution site near Kyiv where Soviet authorities carried out mass shootings of political prisoners and cultural figures during the Great Terror.",https://esu.com.ua/article-1946
Левитський (Левицький) Борис Порфирович,executed,1937,1887,non_migrated,хоровий диригент,"Boris Levitsky died on November 20, 1937 in Kyiv during the height of Stalin's Great Purge, and the biographical entry was truncated in a manner typical of encyclopedia entries documenting victims of Soviet executions during this period of mass repression.",https://esu.com.ua/article-53706
Липківський Іван Васильович,executed,1937,1892,deported,живописець,"The entry indicates death in Kyiv on 13.07.1937 during the height of Stalin's Great Purge, combined with deportation status and the specific year 1937 when thousands of Ukrainian cultural figures were executed; the Kyiv location and purge-era timing are strong indicators of execution rather than natural causes.",https://esu.com.ua/article-54732
Михальчук Валеріан Логвинович,executed,1937,1901,deported,композитор,"The entry indicates death in Kyiv on 03.09.1937 during the height of Stalin's Great Purge, with migration status noted as ""deported,"" which in this historical context typically indicates arrest and execution rather than natural causes or exile.",https://esu.com.ua/article-65000
Мінько Микола Григорович,executed,1937,1902,non_migrated,письменник,"Died in Dnipropetrovsk in December 1937 during Stalin's Great Purge, a period when many Ukrainian cultural workers were executed; the specific timing and location strongly indicate execution rather than natural causes.",https://esu.com.ua/article-67791
Патяк Анатолій Федорович,executed,1937,1898,non_migrated,прозаїк,"Death in Kiev in 1937 during the Great Purge, a year and location consistent with Soviet executions of Ukrainian intellectuals, with no mention of natural causes or other circumstances.",https://esu.com.ua/article-883875
Піонтек Люціана Карлівна,executed,1937,1899,deported,письменниця,"The death occurred in 1937 during the Great Purge in Kyiv, and the combination of deportation status, membership in Soviet literary organizations, and death in the capital during this period indicates execution by Soviet authorities rather than natural causes or other circumstances.",https://esu.com.ua/article-880433
Поліщук Клим Лаврінович,executed,1937,1891,deported,письменник,"The biography indicates death in Sandarmokh near Medvezhyegorsk in Karelia in 1937, which was a site of mass executions of Soviet prisoners during the Great Purge, and the deportation status combined with death in this specific location indicates execution by Soviet authorities.",https://esu.com.ua/article-886185
Дзбанівський Олександр Тихонович,executed,1938,1870,non_migrated,композитор,"Ukrainian composer and musicologist died in Kiev in October 1938 during the height of Stalin's Great Purge, when thousands of Ukrainian intellectuals and cultural figures were executed; the timing and context are consistent with this period of systematic repression against the creative intelligentsia.",https://esu.com.ua/article-24048
Завелєв Борис Ісакович,executed,1938,1876,non_migrated,кінооператор,"Died in 1938 during the Great Purge with no mention of natural causes or exile; the abrupt biographical entry ending and the year 1938 strongly suggest execution, which was the typical fate of many cultural workers during this period of Soviet repression.",https://esu.com.ua/article-15052
Захарчук Євген  Михайлович,executed,1938,1884,non_migrated,актор,"The death occurred in 1938 during the Great Terror in Soviet Ukraine, and the biographical entry provides no indication of natural causes or other circumstances, making execution the most likely cause during this period of intensive repression against Ukrainian cultural figures.",https://esu.com.ua/article-15857
Калиниченко Яків Якович,executed,1938,1869,internal_transfer,живописець,"The biography indicates death in 1938 in Ryazan, Russia during the Great Purge period with internal transfer status, and the entry notes he was a Honored Artist of the Soviet Union (1932), making him a target during Stalin's repressions; the specific death location and year pattern are consistent with executions of cultural figures during",https://esu.com.ua/article-10492
Лятіф-Заде Абдулла  Абільйович,executed,1938,1890,non_migrated,письменник,"A non-migrated individual who died in 1938 during the Great Purge in Soviet Ukraine, with no mention of natural causes, illness, or other circumstances suggesting a non-repressive death.",https://esu.com.ua/article-60069
Ходимчук Олексій Остапович,executed,1938,1896,deported,актор,Died in Kyiv on 04.01.1938 during the Great Purge period when deported individuals were commonly executed; the timing and location during mass repressions strongly indicate execution rather than natural causes.,https://esu.com.ua/article-886311
Лигін Костянтин Костянтинович,exile,1932,1854,internal_transfer,архітектор,"He died in Tomsk, Russia in 1932 while in internal exile/transfer status, having been relocated far from his home in Ukraine during the Soviet period.",https://esu.com.ua/article-54608
Бокий Микола Миколайович,exile,1933,,non_migrated,живописець і графік,"Bokiy died in autumn 1933 in Mozdok (North Ossetia, RF), which was a location of exile/deportation far from his native Ukraine, indicating he died while in exile rather than from natural causes at home.",https://esu.com.ua/article-36211
Гнатишак Микола Леонтійович,exile,1940,1902,migrated,літературознавець,"He died in Libstadt, Germany in 1940 while living abroad after migrating from Ukraine, indicating death while in exile far from home.",https://esu.com.ua/article-30602
Дубілет Монсай Йосипович,exile,1941,1897,deported,літературознавець,"He was deported (migration status: deported) and died in 1941 while in exile, far from his homeland during the Soviet repression period.",https://esu.com.ua/article-22532
Луцький Остап  Михайлович,exile,1941,1883,deported,поет,"He was deported (migration status indicates forced deportation) and died near Kotlas in Arkhangelsk region in 1941, which was a location associated with Soviet exile and labor camp areas, but the specific mention of deportation status and death in a remote region suggests he died while in exile rather than in active camp conditions.",https://esu.com.ua/article-59465
Свідзінський Володимир Юхимович,exile,1941,1885,deported,поет,"He was deported (migration status explicitly stated as ""deported"") and died in 1941 during the deportation period, indicating death while in exile or under deportation conditions rather than in an active combat or execution scenario.",https://esu.com.ua/article-888174
Алім Амді,exile,1942,1905,deported,кримськотатарський поет,"He was deported (migration status: deported) and died in November 1942 while in exile, as indicated by the biographical entry marking his death during the deportation period when Crimean Tatars were forcibly relocated.",https://esu.com.ua/article-43793
Вейсенберґ Йосип Юхимович,exile,1942,1893,deported,диригент,"Deported from Ukraine to Omsk, Russia (as indicated by migration status ""deported"" and death location in Omsk), where he died in 1942 while still in exile far from home.",https://esu.com.ua/article-32646
Данько Олена Яківна,exile,1942,1898,deported,живописець,"She was deported (migration status explicitly noted as ""deported"") and died in 1942 while in exile, away from her home in Ukraine.",https://esu.com.ua/article-23624
Данько-Олексєєнко Наталія Яківна,exile,1942,1892,deported,скульпторка,"She was deported and died in Irbyt, Sverdlovsk region in 1942, indicating death during forced exile/deportation rather than in an active labor camp or from combat.",https://esu.com.ua/article-23627
Жилінський Сергій Якович,exile,1942,1881,internal_transfer,скульптор,"He died in Frunze (now Bishkek), Kyrgyzstan in 1942, far from his native Ukraine, indicating he was in forced exile or internal deportation during the Soviet period, and died while still in that exile location.",https://esu.com.ua/article-19192
Керменчиклі Джеміль,exile,1942,1891,deported,кримськотатарський письменник,"He was deported (migration status: deported) and died in 1942 near Arkhangelsk in Russia, indicating he died in exile/deportation far from his homeland in Crimea.",https://esu.com.ua/article-11796
Клемм Катерина Пилипівна,exile,1942,1884,deported,графік,"She was deported (вислана) in 1929 to Ashgabat for 5 years and died in 1942, indicating she died while in exile or shortly after, as a consequence of deportation by Soviet authorities.",https://esu.com.ua/article-7599
Гільдін Хаїм Мордухович,exile,1943,1884,deported,письменник,"Deported individual who died in Solikamsk (Perm Oblast, RF) in 1943, indicating death during forced exile/deportation rather than in a camp or from execution.",https://esu.com.ua/article-30147
Ваап Бекір,exile,1944,1915,deported,кримськотатарський поет,"Vaap Bekir was deported (migration status noted as ""deported"") and died in 1944 in Gaiturlivka, Lithuania while in exile/deportation, far from his native Crimea, as part of Soviet repression against Crimean Tatars.",https://esu.com.ua/article-32795
Кривінська Ганна Леопольдівна,exile,1944,1876,internal_transfer,літературознавець,"She died in Sverdlovsk (Yekaterinburg) in 1944, far from her native Ukraine, during forced internal displacement within the Soviet Union, which constitutes death in exile or deportation.",https://esu.com.ua/article-297
Абілєв Велі  Муратович,exile,1945,1898,deported,кримськотатарський письменник,"Abiliev was deported (migration status explicitly stated as ""deported"") and died in 1945 while in exile, as a Crimean Tatar displaced during Soviet repression, not from documented execution, gulag internment, or combat.",https://esu.com.ua/article-42180
Грічер-Черіковер Григорій  Зиновійович,exile,1945,1893,internal_transfer,кінорежисер,"He died on May 5, 1945, near Tashkent (in Central Asia), far from his native Ukraine, indicating he was in exile or deportation at the time of death, having been an internal transfer to that remote region.",https://esu.com.ua/article-31918
Дерменджи Еюп  Ереджепович,exile,1945,1907,deported,кримськотатарський письменник,"Dermendzhi was deported (migration status: deported) and died in Guryev, Kazakhstan on September 11, 1945, far from his homeland in Crimea, indicating he died while in exile/deportation rather than in an active combat zone or labor camp.",https://esu.com.ua/article-26272
Кендже Джеміль,exile,1945,1896,deported,кримськотатарський поет,"Deported to Pskent, Uzbekistan in 1945 where he died; the biography indicates migration/deportation status and death in a distant location while exiled, not in a camp or from execution.",https://esu.com.ua/article-11743
Дашковський Микола Антонович,exile,1946,1892,internal_transfer,співак (тенор),"Died in Pyatigorsk, Russian Federation in 1946, far from his native Kiev, indicating he died while in exile or internal deportation rather than at home.",https://esu.com.ua/article-23746
Іванець Іван Йосипович,exile,1946,1893,deported,живописець і графік,"He was deported and died in Solikamsk in the Perm region of Russia in 1946, indicating he died in exile/deportation far from his Ukrainian home rather than in active combat or a labor camp.",https://esu.com.ua/article-14161
Альбертон Меїр Йосипович,exile,1947,1900,internal_transfer,єврейський письменник,"The person died in Saratov, Russia in 1947, far from Ukraine, after being transferred internally within the Soviet system, suggesting death in exile or deportation rather than from natural causes at home.",https://esu.com.ua/article-43880
Дашкевич Михайло,exile,1948,1875,migrated,письменник,"He died in Rimnik-Vilcea, Romania in 1948, far from his native Ukraine, having migrated (as noted in the migration status), consistent with death in exile rather than returning home.",https://esu.com.ua/article-23735
Животко Аркадій Петрович,exile,1948,1890,migrated,громадсько-політичний діяч і публіцист,"He died in Aschaffenburg, Germany in 1948 after migrating, indicating he died in exile abroad rather than returning to Soviet-controlled territory, consistent with post-WWII displacement of Ukrainian figures.",https://esu.com.ua/article-19111
Котович Володимир,exile,1948,1877,migrated,громадсько-культурний діяч,"He died in Berchtesgaden, Bavaria, Germany in 1948 while in emigration/exile status, indicating he was living outside Ukraine after the war period and died while displaced from his homeland.",https://esu.com.ua/article-347
Беднарський Богдан Мефодійович,exile,1949,1921,migrated,поет,"He died in Augsburg, Germany in 1949 while in migration status, indicating he died outside Ukraine during forced displacement or exile rather than returning home after WWII.",https://esu.com.ua/article-41458
Бобикевич-Устиянович Марія Миколаївна,exile,1949,1859,migrated,письменниця і мемуаристка,"She migrated and died in Rimnicu-Vâlcea, Romania in 1949, indicating she lived in exile outside Ukraine after the Soviet period began, and her death occurred while in exile rather than from violent repression.",https://esu.com.ua/article-35592
Коляновський Вадим Йосипович,exile,1949,1873,internal_transfer,архітектор,"He died in Irkutsk, Russia in 1949, far from his home in Ukraine, following internal transfer/deportation, indicating he died while in exile rather than in a camp or from natural causes at home.",https://esu.com.ua/article-5823
Бахшиш Ібраїм,exile,1951,1907,deported,поет,"Deported to Voorkuta (a remote Soviet labour camp region) in 1951 and died there, indicating death in exile/deportation rather than during active camp imprisonment or execution.",https://esu.com.ua/article-41327
Рибников Михайло Степанович,exile,1951,1905,internal_transfer,живописець,"He died in August 1951 in a remote settlement in Bashkortostan, Russia, far from his home in Crimea, indicating death while in exile or deportation following Soviet repression.",https://esu.com.ua/article-887368
Вієльгорський Олександр,exile,1952,1889,migrated,піаніст,"He migrated and died in Białystok, Poland in 1952, indicating he spent his later life in exile abroad after leaving Ukraine, dying while in emigration.",https://esu.com.ua/article-34430
Дмитраш Олена-Галина Антонівна,exile,1952,1902,deported,співачка (лірико-драматичне сопрано),"She was deported and died in Reshotys, Krasnoyarsk region (Russian Far East) in 1952, indicating she died in exile/deportation rather than in a camp or from execution.",https://esu.com.ua/article-22019
Зарема Ханум,exile,1952,,deported,кримськотатарська співачка (контральто),"She died in 1952 in Leningrad (Khudzhand, Tajikistan) while deported as a Crimean Tatar during the Soviet forced deportation period, indicating she died in exile far from her homeland.",https://esu.com.ua/article-15511
Аграновський Давид  Самійлович,exile,1953,1890,internal_transfer,оперний співак (тенор),"He died in Sverdlovsk (Yekaterinburg) in 1953, far from his native Ukraine, with a migration status of ""internal_transfer,"" indicating he was relocated/exiled during the Soviet period and died while still in exile away from home.",https://esu.com.ua/article-42554
Добрушин Ієхезкель Мойсейович,exile,1953,1883,deported,театрознавець,"He was deported (migration status indicates forced deportation) and died in 1953 at a station in the Komi Republic, far from his homeland, which indicates death during exile or deportation rather than in an active labor camp.",https://esu.com.ua/article-20362
Терлецький Сидір Іванович,exile,1953,1892,migrated,режисер,"He died in Oberburg, Germany in 1953 while in migration status, indicating he died outside his homeland while displaced, likely as a result of wartime displacement or post-war exile conditions.",https://esu.com.ua/article-879241
Зленко Петро Андрійович,exile,1954,1891,deported,публіцист,"He was deported and died in 1954 in Taishett, Irkutsk region (a remote Siberian location associated with Soviet exile/labour camps), and the migration status explicitly indicates deportation rather than execution or combat death.",https://esu.com.ua/article-16321
Іван Роман Якимович,exile,1954,1877,internal_transfer,композитор,"He died in Ashgabat in 1954 while listed as internal transfer, indicating he was deported or exiled to Turkmenistan during Soviet repression and died there far from his native Kiev.",https://esu.com.ua/article-14389
Кацай Олексій Опанасович,exile,1954,,deported,письменник,"Katsay died in Norilsk in 1954 while serving deportation (as indicated by ""deported"" migration status), a remote Soviet labor settlement where exiled persons were forced to remain, which constitutes death in exile.",https://esu.com.ua/article-11170
Боцюн Павло  Львович,exile,1955,1893,internal_transfer,хоровий диригент,"He died in Frunze (now Bishkek) in 1955, far from his homeland Ukraine, suggesting he was living in forced exile or deportation, which was a common fate for Ukrainian cultural figures during the Soviet period.",https://esu.com.ua/article-37478
Андреєв Даниїл Леонідович,exile,1959,1906,deported,російський письменник,"He was deported (migration status indicates forced displacement) and died in 1959 in Moscow, after serving time in Soviet labor camps during the Stalinist repression, representing a death following exile/deportation rather than during imprisonment.",https://esu.com.ua/article-44120
Григоренко Олександр Явтухович,exile,1962,1938,non_migrated,поет,"The biography indicates he was arrested and sentenced for ""anti-Soviet agitation and propaganda"" while in the army, and the text mentions ""pokарання"" (punishment/sentence) which in context suggests he served time and died in his hometown in 1962, likely after returning from exile or while still under exile restrictions.",https://esu.com.ua/article-27096
Пархоменко Микола Михайлович,exile,1964,1902,internal_transfer,композитор,"Parkhamenko died in Elista, Kalmykia (a remote location in Soviet Russia) in 1964, with migration status marked as ""internal_transfer,"" indicating he was living in forced exile/deportation far from Ukraine and died there while still in that exile condition.",https://esu.com.ua/article-883221
Алієв Мамбет,exile,1981,1916,deported,кримськотатарський письменник,"He was deported (migration status: deported) and died in Tashkent in 1981, far from his native Crimea, indicating death in exile following forced deportation rather than in a labor camp or from direct repression.",https://esu.com.ua/article-43786
Бурнаш Ремзі  Керимович,exile,1982,1920,deported,кримськотатарський поет,"He was deported (migration status indicates forced deportation) and died in Uzbekistan in 1982, long after WWII ended, suggesting he died while in exile or deportation rather than from direct repression or combat.",https://esu.com.ua/article-38156
Корвач Богдан Павлович,exile,1984,1940,deported,поет,"He was deported during ""Vistula"" operation in 1945 and died in Kalush in 1984, indicating he survived the deportation but died while still living in exile far from his birthplace in Poland.",https://esu.com.ua/article-3487
Іванишин Володимир Михайлович,exile,1985,1939,non_migrated,поет,"The biography states he was ""висланий"" (exiled) to Tyumen region in the 1950s, and died in 1985 in Odesa region after his return from exile, indicating he died in the post-exile period while still affected by the consequences of deportation.",https://esu.com.ua/article-14217
Бодак Ярослав Антонович,exile,2016,1934,non_migrated,музикознавець,"Bodak was deported in April 1945 along with his parents to Voroshilovgrad (Soviet Ukraine), and the biography indicates he survived this deportation but died in 2016 at age 81, consistent with death during or following exile rather than in a camp or from immediate repression.",https://esu.com.ua/article-35935
Коханський Іван Тимофійович,gulag,1937,1901,deported,письменник,"He was deported and died near Magadan (a major Gulag location in the Soviet Far East) in 1937 or 1941, indicating he died while imprisoned in a labour camp.",https://esu.com.ua/article-1115
Лебідь Ананій Дмитрович,gulag,1937,1898,deported,літературознавець,"He died in the Solovets labour camps (Соловец. табори) in 1937, which were Soviet concentration camps where political prisoners were imprisoned and many perished.",https://esu.com.ua/article-53607
Адо Улуро,gulag,1938,,deported,юкагирський письменник,"The biography indicates he died in 1938 in a remote location (Yakutia) while under deportation status, and the year 1938 coincides with the Great Purge when deported individuals typically died in labor camps rather than in natural circumstances.",https://esu.com.ua/article-42683
Христовий Микола Федорович,gulag,1938,1894,deported,політичний і культурний діяч,"The biography indicates he died on April 27, 1938 in Vologda, Russia, while listed as ""deported"" (засланні), and Vologda was a major site of Soviet labor camps and internal exile during this period; the combination of deportation status and death in a remote Soviet city in 1938",https://esu.com.ua/article-888129
Глязнер Яків Соломонович,gulag,1942,1879,deported,графік і живописець,"The biography explicitly states he died in 1942 at ""Янів. концтабір"" (Yaniv concentration camp) in Lviv, which was a Nazi concentration camp where he perished while imprisoned.",https://esu.com.ua/article-30577
Кляр Артур,gulag,1942,1895,deported,живописець,"The biography explicitly states he died in 1942 at ""концтабір у с. Белжець, Польща"" (concentration camp in Belzec, Poland), which was a Nazi death camp where he perished.",https://esu.com.ua/article-8651
Загул Дмитро Юрійович,gulag,1944,1890,deported,поет,"He died in summer 1944 on Kolima, which was a major Soviet labour camp complex in the Far East where deported prisoners were sent to work and many perished.",https://esu.com.ua/article-15251
Лупан Леонід  Сильвестрович,gulag,1944,1915,deported,поет,"He died on January 16, 1944 in Kargopol concentration camp (Каргопольс. концтабір) in Arkhangelsk Oblast, indicating he perished while imprisoned in a labour camp.",https://esu.com.ua/article-59310
Вакаров Дмитро Онуфрійович,gulag,1945,1920,deported,поет-антифашист,"The biography explicitly states he died on 07.03.1945 in ""концтабір Нацвайлер"" (Natzweiler concentration camp) in Germany, which was a Nazi concentration camp where he perished while imprisoned.",https://esu.com.ua/article-32913
Рузамський Мар’ян,gulag,1945,1889,deported,художник і письменник,"He died in Bergen-Belsen concentration camp (концентраційний табір Берген-Бельзен) in 1945, which was a Nazi concentration camp where prisoners were systematically killed or died from disease and starvation.",https://esu.com.ua/article-886917
Кудрик Борис Павлович,gulag,1952,1897,deported,композитор,"He died at Potma station, which was part of Dubravlag, a major Soviet labour camp in Mordovia, in 1952 while serving a sentence as a deportee.",https://esu.com.ua/article-818
Єлагін Павло  Олексійович,gulag,1986,1918,non_migrated,поет,"The biography states he was arrested and sentenced to 10 years in labour camps (""засудж. до 10-ти р. таборів"") for anti-Soviet propaganda, and he died in 1986, indicating he served time in the gulag system.",https://esu.com.ua/article-17605
Невидайло Микола Гаврилович,gulag,2012,1923,non_migrated,прозаїк,"The biography explicitly states he was a political prisoner of the GULAGs from 1944-1954, and he died in 2012 at age 89, indicating he survived the camps but the classification reflects his imprisonment in the labor camp system.",https://esu.com.ua/article-72723
Коляда Микола Терентійович,repression_other,1935,1907,non_migrated,композитор,"Nikolai Kolyada died in 1935 during the height of Soviet repression in Ukraine, and while the biographical entry does not specify the exact cause of death, the historical context of his death year and the truncated nature of the entry suggests he was likely a victim of Soviet political repression rather than natural causes.",https://esu.com.ua/article-4239
Казакевич Генах,repression_other,1935,1883,internal_transfer,єврейський літературознавець,"Died in 1935 in Birobidjan (a remote Soviet settlement), during the height of Stalin's purges, with no clear indication of natural death or accident, suggesting he was a victim of Soviet repression though the specific cause is not detailed.",https://esu.com.ua/article-12131
Безрутченко Микола Арсенійович,repression_other,1936,1912,non_migrated,поет,"He died in 1936 during Stalin's Great Purge period, with no specific cause of death mentioned in the biographical entry, suggesting he was a victim of Soviet repression but the exact circumstances (execution, gulag, or other) cannot be determined from the available information.",https://esu.com.ua/article-41584
Бойченко Петро  Павлович,repression_other,1936,1880,internal_transfer,диригент і композитор,"Boychenko died in 1936 in Michurinsk, a remote location in Soviet Russia, following an internal transfer, during the height of Stalin's purges, with no specified natural cause of death documented, suggesting Soviet repression though the exact mechanism is unclear.",https://esu.com.ua/article-36181
Михайлов Микола Миколайович,repression_other,1936,1903,non_migrated,хоровий диригент,"Died in Tashkent in 1936 during the Great Purge period, far from his workplace in Kyiv, with biographical entry abruptly cut off, suggesting death related to Soviet repression but without explicit confirmation of execution, gulag, or exile status.",https://esu.com.ua/article-64863
Антонич Богдан-Ігор,repression_other,1937,1909,non_migrated,поет,"Died in Lviv in 1937 during Stalin's Great Purge with no specific cause of death documented in the entry, indicating Soviet repression but unclear exact circumstances.",https://esu.com.ua/article-42956
Бузько Дмитро Іванович,repression_other,1937,1890,deported,письменник,"Died in 1937 during Stalin's Great Purge with a clear history of revolutionary activity and political suspicion, but the biography fragment does not specify whether he was executed, died in a camp, or perished from other repressive circumstances.",https://esu.com.ua/article-36621
Галушка Денис Онисимович,repression_other,1937,1902,non_migrated,письменник,"Died in Kharkiv on December 31, 1937, during the Great Purge period with no specific cause of death documented, indicating a likely victim of Soviet repression but without clear evidence of execution, gulag, or exile.",https://esu.com.ua/article-28473
Івасюк  Микола  Іванович,repression_other,1937,1865,deported,живописець і педагог,"The biography indicates death in 1937 during the Great Terror with deportation status and burial in a mass grave forest near Kyiv, suggesting death from Soviet repression, but the exact mechanism (execution, gulag conditions, or other repression-related cause) cannot be determined from the available text.",https://esu.com.ua/article-13547
Лебідь Максим  Максимович,repression_other,1937,1899,deported,поет,"Deported in 1937 during Stalin's Great Purge with no specific cause of death documented, indicating he was a victim of Soviet repression but the exact circumstances of his death (execution, gulag, or exile) cannot be determined from the available information.",https://esu.com.ua/article-53615
Миронець Іван Дмитрович,repression_other,1937,1900,deported,літературознавець,"He was deported and died in 1937 during the Great Purge, but the biography provides no specific details about whether he was executed, died in a camp, or died from other repression-related causes.",https://esu.com.ua/article-64585
Мілев Думітру,repression_other,1937,1887,deported,молдовський письменник,"Deported individual who died in 1937 during Stalin's Great Purge in Tiraspol, but the biographical entry does not explicitly state the specific cause of death (execution, gulag conditions, or other repression).",https://esu.com.ua/article-67610
Надемський Микола Захарович,repression_other,1937,1892,deported,актор,"He was deported in 1937 during Stalin's Great Purge and died in Odesa that same year, indicating he was a victim of Soviet repression, but the specific cause of death (execution, gulag, or other repression-related circumstance) is not explicitly stated in the available biographical information.",https://esu.com.ua/article-70871
Налепинська-Бойчук Софія,repression_other,1937,1884,deported,графік і педагог,"She was deported during the Great Purge of 1937 and died in Kyiv that same year, but the biography provides no specific details about the cause or circumstances of her death, only that she was a victim of Soviet repression.",https://esu.com.ua/article-70885
Педа Панько,repression_other,1937,1907,deported,поет,"Died in 1937 during the Great Purge in Odesa with a documented status as deported, indicating Soviet repression, but the biographical entry does not specify the exact mechanism of death (execution, gulag, exile, etc.).",https://esu.com.ua/article-879790
Різниченко Олекса Сергійович,repression_other,1937,,deported,письменник,"The entry indicates death in 1937 during the Soviet repression period with ""deported"" migration status, but the biographical text is incomplete and does not specify the exact cause of death (execution, gulag, exile, or other form of repression).",https://esu.com.ua/article-886562
Адамович Отто Максович,repression_other,1938,1891,non_migrated,художник-кераміст,"Died in Kiev in 1938 during Stalin's Great Purge with no specific cause of death mentioned; the timing and context strongly suggest he was a victim of Soviet repression, but the exact manner of death is not explicitly stated in the available biographical information.",https://esu.com.ua/article-886350
Айвазов Асан  Сабрі,repression_other,1938,1878,deported,кримськотатарський письменник,"Died in 1938 during Stalin's Great Purge with deportation status noted, but the biography excerpt does not specify the exact manner of death (execution, gulag, or other form of repression).",https://esu.com.ua/article-42798
Галла Василь Васильович,repression_other,1938,1904,deported,поет,"The person was deported (migration status listed as ""deported"") and died in 1938 during Stalin's Great Purge, but the biographical entry does not specify whether death occurred in a camp, exile, or through execution.",https://esu.com.ua/article-28446
Головченко Петро Овксентійович,repression_other,1938,1898,non_migrated,архітектор,"Died in 1938 during Stalin's Great Terror when many Ukrainian creative workers were arrested and executed, with membership in the Union of Soviet Architects (SAU) in 1937 making him vulnerable to persecution, but the biography provides no specific details about the exact manner of death.",https://esu.com.ua/article-25426
Гунст Олександр Іванович,repression_other,1938,1862,non_migrated,архітектор,"Died in 1938 during Stalin's Great Purge with no specific cause of death mentioned in the biographical entry, and the timing combined with his position as a prominent architect in Soviet society suggests he was likely a victim of repression, though the exact mechanism (execution, gulag, or other) cannot be determined from the available",https://esu.com.ua/article-24727
Диканський Михайло Григорович,repression_other,1938,1869,non_migrated,архітектор,"Died in 1938 during the Great Purge in Soviet Ukraine with no specified cause of death mentioned in the biographical entry, which is consistent with victims of Stalinist repression during this period.",https://esu.com.ua/article-24245
Касперович Микола Іванович,repression_other,1938,1885,non_migrated,реставратор і живописець,"Died in Kiev in 1938 during the Great Purge period with no specific cause of death mentioned in the available biographical text, indicating a likely victim of Soviet repression but without clear details on the exact mechanism (execution, gulag, etc.).",https://esu.com.ua/article-10255
Козуб Сергій Гнатович,repression_other,1938,1897,deported,літературознавець,"Kozub was deported (migration status listed as ""deported"") and died in 1938 during Stalin's Great Purge, but the biography does not specify whether he died in a gulag, execution, or other form of repression.",https://esu.com.ua/article-7985
Костоправ Георгій Антонович,repression_other,1938,1903,deported,письменник,"Deported individual who died in 1938 during the Great Purge period with no specific cause of death documented, indicating a victim of Soviet repression but unclear whether execution, gulag, or other repressive means caused death.",https://esu.com.ua/article-6077
Крашановський Іван  Миколайович,repression_other,1938,1884,deported,живописець,"He was deported in 1938 during Stalin's Great Purge, and died that same year, but the biographical entry does not specify whether he was executed, died in a camp, or died in exile, only that he had ""deported"" status.",https://esu.com.ua/article-2366
Лакиза Іван Никифорович,repression_other,1938,1895,deported,публіцист,"Deported to Novosibirsk in 1938 during Stalin's terror, died there the same year, but the biography does not specify whether death resulted from execution, gulag conditions, or other repression-related causes.",https://esu.com.ua/article-53093
Михайлець Григорій Якович,repression_other,1938,1889,deported,письменник,"The entry indicates he was deported (migration status: deported) and died in 1938 during Stalin's Great Purge, but the specific cause of death in Poltava is not explicitly stated, making it a clear victim of Soviet repression without enough detail to determine if it was execution, gulag, or another",https://esu.com.ua/article-64782
Новосельський Марко Абрамович,repression_other,1938,1900,non_migrated,скульптор,"Died in Kharkiv in 1938 during the Great Purge period with no specific cause mentioned, strongly suggesting Soviet political repression despite lack of explicit details about arrest or execution.",https://esu.com.ua/article-72536
Хмелевський Казимир Віталійович,repression_other,1938,,deported,художник-кераміст,"Died in 1938 during the Great Purge with documented deportation status, but the biographical entry provides insufficient detail about the specific circumstances of death (whether executed, in a camp, or from conditions of repression).",https://esu.com.ua/article-885236
Чвалінський Владислав Адамович,repression_other,1938,1907,deported,художник театру,"Deported in 1934-37 and died in 1938 in Zaporizhzhia during the Great Terror period, indicating death under Soviet repression, though the specific mechanism is not explicitly stated in the available text.",https://esu.com.ua/article-883885
Євсевський Іван  Дем’янович,repression_other,1939,1876,non_migrated,живописець,"Ivan Yevsevskyy died in Dnipropetrovsk in 1939 during the height of Soviet purges with no specified cause of death documented, suggesting he was a victim of Soviet repression but the exact mechanism (execution, gulag, etc.) cannot be determined from the available biographical information.",https://esu.com.ua/article-17386
Петіпа Віктор Маріусович,repression_other,1939,1879,internal_transfer,актор,"The biography indicates death in 1939 during the Great Purge period with migration status ""internal_transfer,"" but provides insufficient detail about the specific cause of death to definitively classify it as execution, gulag, or another repression category.",https://esu.com.ua/article-885249
Козлов Олександр Андрійович,repression_other,1940,1880,internal_transfer,архітектор,"Kozlov died in Taganrog, Russia in 1940 during the Stalin era while apparently relocated/transferred from Ukraine, with insufficient detail to determine the specific cause of death but clear evidence of Soviet repression context.",https://esu.com.ua/article-7910
Коковський Франц Михайлович,repression_other,1940,1885,non_migrated,письменник,"Died in 1940 in Ternopil during the period of Soviet terror, with no specific cause of death mentioned, suggesting death under Soviet repression but without clear evidence of execution, gulag, or other specific mechanism.",https://esu.com.ua/article-8053
Гребінка Леонід Євгенович,repression_other,1942,1909,internal_transfer,поет і перекладач,"Died in 1942 in Saratov, Russia (internal transfer location) with biographical context indicating childhood institutional care and no clear natural cause documented, suggesting death under Soviet repression but without explicit confirmation of execution, gulag, or exile status.",https://esu.com.ua/article-26915
Гупало Костянтин Карпович,repression_other,1942,1907,non_migrated,драматург,"A playwright and OUN (Organization of Ukrainian Nationalists) activist died in Kyiv in February 1942 during Nazi occupation, with no specific cause of death detailed, suggesting he was likely a victim of political repression but the exact circumstances are unclear.",https://esu.com.ua/article-24741
Іванова-Артюхова Аделаїда Володимирівна,repression_other,1942,1903,non_migrated,мистецтвознавець,"She was dismissed from her museum position in 1933 during Soviet purges, and died around 1942 during WWII occupation, but the biography provides no specific details about the exact cause of her death, only contextual evidence of Soviet repression and hardship during that period.",https://esu.com.ua/article-14446
Галан Ярослав Олександрович,repression_other,1949,1902,non_migrated,письменник,"Died in 1949 Lviv during Soviet repression era with incomplete biographical information; the truncated text provides insufficient detail about the specific cause of death (execution, gulag, exile, or other repressive circumstances).",https://esu.com.ua/article-28308
Савченко Ігор Андрійович,repression_other,1950,1906,internal_transfer,кінорежисер,"Died in Moscow in 1950 during the Stalinist terror period with internal transfer migration status, suggesting death related to Soviet repression but without explicit documentation of execution, gulag imprisonment, or exile conditions.",https://esu.com.ua/article-886601
Врангель Михайло Олександрович,repression_other,1963,1886,non_migrated,архітектор,"The biography indicates he was repressed in 1938 during the Stalin-era purges, but the specific cause of death is not detailed; he survived until 1963, suggesting he either spent time in camps/exile or was released, with the exact circumstances of his death remaining unclear.",https://esu.com.ua/article-29961
Іванов Іван Іванович,repression_other,1989,1911,non_migrated,прозаїк,"The biography indicates arrest on December 2, 1936, and conviction on unspecified charges during the Soviet repression period, but the exact cause of death in 1989 is not provided, making it impossible to determine whether he died in a camp, in exile, or from other repression-related circumstances.",https://esu.com.ua/article-14321
Кисельов Леонід Володимирович,suicide,1968,1946,non_migrated,поет,"The biography provides no evidence of repression, execution, or unnatural death from external causes; the subject was a young poet (22 years old) who died in 1968 while still studying at university with no mention of political persecution, making suicide the most probable classification given the sudden death at a young age with no other explanation provided.",https://esu.com.ua/article-6553
Алимов Еннан,wwii_combat,1941,1912,non_migrated,кримськотатарський письменник і художник,"The biography states he died (""загинув"") near the city of Krasnoperekopsk in Crimea in 1941, which was a combat zone during WWII when German forces invaded the Soviet Union, indicating he was killed in military conflict.",https://esu.com.ua/article-43772
Амет Азам,wwii_combat,1941,1909,non_migrated,кримськотатарський поет,"The biography explicitly states ""загинув на фронті"" (killed at the front), indicating death in combat during WWII while serving as a participant in the Second World War.",https://esu.com.ua/article-43995
Брянський Олександр  Миколайович,wwii_combat,1941,1889,non_migrated,актор,"Died on November 7, 1941, during WWII with burial in Sevastopol, which was under heavy siege and combat during this period, indicating death in active warfare rather than from natural causes or repression.",https://esu.com.ua/article-36392
Конончук Сергій Пилипович,wwii_combat,1941,1912,non_migrated,графік,"He disappeared without a trace (зник безвісти) in September 1941 during WWII while serving as a participant in the Second World War, indicating he was likely killed in combat or war-related circumstances.",https://esu.com.ua/article-4504
Мусієнко Оксентій Оксентійович,wwii_combat,1941,1914,internal_transfer,поет,"The biography explicitly states he ""загинув у боях під Вязьмою"" (died in combat near Vyazma) during World War II in 1941.",https://esu.com.ua/article-70135
Аміт Осман,wwii_combat,1942,1910,non_migrated,кримськотатарський поет,"The biography explicitly states he died ""на фронті"" (at the front) on March 17, 1942, during his participation in World War II.",https://esu.com.ua/article-44006
Вербицький Лазар Якович,wwii_combat,1942,1905,internal_transfer,графік,"The entry explicitly identifies him as a participant in WWII (Учасник 2-ї світової війни) who died in 1942 in a location in the Voronezh region of Russia, indicating he was killed during combat operations.",https://esu.com.ua/article-33479
Вінтман Павло Ілліч,wwii_combat,1942,1918,internal_transfer,поет,"He died in 1942 during WWII in the Voronezh region of Russia while listed as a participant in the Soviet-Finnish War and Second World War, indicating he was likely killed in combat operations.",https://esu.com.ua/article-34682
Гайдабура Аполлон Карпович,wwii_combat,1942,1902,internal_transfer,актор,"The biography states he was a participant in World War II (Учасник 2-ї світової війни) and died in 1942 near Kaluga, Russia, during the period of active combat, indicating he was killed in action at the front.",https://esu.com.ua/article-23232
Дібаг Мамут,wwii_combat,1942,1905,non_migrated,кримськотатарський прозаїк,"He was a participant in World War II (Учасник 2-ї світової війни) and died in 1942 in Sevastopol, which was a major combat zone during WWII, suggesting death in wartime military action.",https://esu.com.ua/article-26343
Душський Михайло  Ілліч,wwii_combat,1942,1913,non_migrated,композитор,"The biography explicitly identifies him as a participant in World War II (Учасник 2-ї світової війни) and died in spring 1942 during the war period, indicating he was killed in combat operations.",https://esu.com.ua/article-19665
Зац Мойсей Борисович,wwii_combat,1942,1904,non_migrated,кіносценарист,"Moysay Zats died in 1942 near Sevastopol during WWII while serving as a participant in the Second World War with combat decorations, indicating he was killed in military action during the war.",https://esu.com.ua/article-16423
Коган Павло Давидович,wwii_combat,1942,1918,non_migrated,поет,"He died on September 23, 1942, near Novorossiysk in the Krasnodar region during WWII while serving as a participant in the Second World War, indicating he was killed in combat operations during the war.",https://esu.com.ua/article-7447
Крапивников Леонід Йосипович,wwii_combat,1942,1920,non_migrated,поет,"The biography indicates he died in early 1942 while studying at a military aviation school in the Krasnodar region, and the term ""загинув"" (perished/killed) in a military context during WWII suggests he was killed in combat or military operations.",https://esu.com.ua/article-2779
Левін Яків Аркадійович,wwii_combat,1942,1912,non_migrated,композитор,"The biography identifies him as a participant in the Second World War (Учасник 2-ї світової війни) and he died in April 1942 during the active combat period, with no evidence of execution, gulag internment, or other repression-related causes.",https://esu.com.ua/article-53864
Кличко Федір Федорович,wwii_combat,1943,1911,non_migrated,живописець,"He was a painter who participated in World War II and died in January 1943, with the incomplete text suggesting he was killed during combat operations on the front.",https://esu.com.ua/article-8454
Кульчицький Михайло Валентинович,wwii_combat,1943,1919,non_migrated,поет,"He was listed as a participant in WWII (Учасник 2-ї світової війни) and died in 1943 during the war period, with no evidence of execution, imprisonment, or exile; the context indicates death during active military service.",https://esu.com.ua/article-51536
Булаєнко Володимир  Дмитрович,wwii_combat,1944,1918,deported,поет,"He was a participant in World War II (Учасник 2-ї світової війни) and died in 1944 during the war period while in Latvia, consistent with combat-related death during WWII.",https://esu.com.ua/article-37838
Дунаєвський Дмитро Йосипович,wwii_combat,1944,1905,non_migrated,живописець,"Dmitro Dunaievskyi died in July 1944 near the city of Brody in Lviv region during WWII, when this area was a major combat zone between Soviet and German forces, indicating death in military conflict rather than from other causes.",https://esu.com.ua/article-19543
Дядинюк Василь,wwii_combat,1944,1900,migrated,художник-монументаліст і графік,"He died in Vienna in 1944 while serving as a soldier in an army during WWII, indicating he was killed in combat or military operations during the war.",https://esu.com.ua/article-19726
Ільясов Фарит Зіяйович,wwii_combat,1944,1915,non_migrated,графік,"The biography indicates death ""після травня 1944"" (after May 1944) during WWII, and as a young Ukrainian creative worker of military age with no mention of arrest, imprisonment, or exile, the most likely cause during this period would be combat service or military death on the front.",https://esu.com.ua/article-13232
Сліпак Василь Ярославович,wwii_combat,2016,1974,migrated,співак,"The person died on 29.06.2016 in Bakhmut district, Donetsk region (an active combat zone during the 2014-2016 Ukrainian conflict), was a member of the Azov Battalion (""добробатівець""), and was posthumously awarded the title of Hero of Ukraine,",https://esu.com.ua/article-77611
Вакуленко Володимир Володимирович,wwii_combat,2022,1972,non_migrated,письменник,"The biography indicates the person died in 2022 and was buried in Izium, which was a major combat zone during the 2022 Russian invasion of Ukraine, suggesting death in active military conflict rather than from natural causes or other circumstances.",https://esu.com.ua/article-891165
Кравченко Сергій Григорович,wwii_combat,2022,1960,non_migrated,архітектор,"The death date of 2022 and location in Kharkiv during the Russian invasion of Ukraine, combined with the person's military status (""військовик""), indicates he was killed during combat operations in the ongoing conflict.",https://esu.com.ua/article-887720
Легкий Степан,wwii_occupation,1941,1916,non_migrated,громадсько-культурний діяч,"Died in June 1941 in Stanislavov (Ivano-Frankivsk) during the Nazi occupation of Ukraine, with no indication of execution, combat, or other specific cause of death mentioned.",https://esu.com.ua/article-54041
Діамант  Гірш  Якович,wwii_occupation,1941,1911,non_migrated,єврейський поет,"Died on June 23, 1941, in a village in Lviv region during the initial Nazi occupation of Ukraine, which began just days earlier (June 22, 1941), indicating he was killed during the German occupation rather than in combat or through Soviet repression.",https://esu.com.ua/article-26333
Крошнер Михайло Юхимович,wwii_occupation,1942,1900,non_migrated,композитор,"He died in Minsk in July 1942 during Nazi occupation of Belarus, and no other cause of death is specified in the available biographical information.",https://esu.com.ua/article-2168
Меербаум-Айзінґер Зельма,wwii_occupation,1942,1924,deported,поетеса,"Selma Meerbaum-Eisinger was deported in 1942 during WWII occupation (likely by Nazi forces from Chernivtsi) and died shortly after in a village in Vinnytsia region, indicating death during Nazi occupation rather than in an established camp or from natural causes.",https://esu.com.ua/article-66102
Мізес-Лур’є Гелена,wwii_occupation,1942,1883,non_migrated,австрійська живописець,"Helena Mieses-Lurie died in Łódź, Poland in 1942 during Nazi occupation of Poland in WWII, and as a Jewish Austrian artist, she likely died under occupation conditions rather than natural causes, though the exact circumstances are not explicitly stated in the biographical entry.",https://esu.com.ua/article-65175
Альтенберґ Маріан,wwii_occupation,1943,1907,non_migrated,диригент і піаніст,"Maryan Altenberg, a conductor and pianist, died in Warsaw on May 29, 1943, during Nazi occupation of Poland in WWII, with no indication of natural causes or other circumstances explaining his death during this period of extreme danger for Jewish and Polish cultural figures.",https://esu.com.ua/article-43927
Гальперін Яків Борисович,wwii_occupation,1943,1921,non_migrated,поет,"He died in Kyiv in April 1943 during Nazi occupation of Ukraine, with no indication of other causes, suggesting death from occupation-related violence or deprivation.",https://esu.com.ua/article-28502
Гамерман Ізраїль,wwii_occupation,1943,1914,non_migrated,піаніст,"Israel Gamerman was born in Warsaw and died there in 1943 during Nazi occupation of Poland, with no indication of natural causes being specified in the biographical entry, making wartime occupation-related death the most likely classification.",https://esu.com.ua/article-28534
Гаусман Віктор Янович,wwii_occupation,1943,1892,migrated,диригент,"Died in Płock, Poland in 1943 during WWII occupation, with no indication of combat or camp imprisonment; the location and timing suggest death under Nazi occupation forces in occupied Poland.",https://esu.com.ua/article-28854
Клейнман Фридерік,wwii_occupation,1943,1897,non_migrated,живописець,"Kleinman died in Lviv in autumn 1943 during WWII, when the city was under Nazi occupation, and there is no indication of combat service or other specific cause of death documented.",https://esu.com.ua/article-7590
Коган Ісак (Ісмак),wwii_occupation,1943,1898,deported,живописець,"Kogan was deported and died in Auschwitz concentration camp in 1943 during Nazi occupation of Poland, making him a victim of Nazi genocide rather than Soviet repression.",https://esu.com.ua/article-7437
Кравець-Кравченко Андрій Семенович,wwii_occupation,1943,1925,non_migrated,поет,"Andriy Kravets-Kravchenko was a young poet (17-18 years old) who died in 1943 during Nazi occupation of Ukraine while actively resisting forced deportation to Germany, likely killed by occupying German forces or their collaborators for his anti-Nazi resistance activities.",https://esu.com.ua/article-2408
Рімер Олександр,wwii_occupation,1943,1899,deported,художник,"He died in Auschwitz (Oswiecim) in 1943 during Nazi occupation, as a deported person, which indicates he was killed by Nazi occupying forces rather than Soviet authorities.",https://esu.com.ua/article-886883
Рінгель-Кайль Юлія,wwii_occupation,1943,1902,migrated,скульптор і дизайнер,"She died in Warsaw in 1943 during Nazi occupation of Poland, and there is no indication of execution, combat, or other specific cause of death mentioned in the available biographical information.",https://esu.com.ua/article-886885
Левицький Микола-Стефан,wwii_occupation,1944,1870,migrated,співак (тенор),"Levytsky died in Warsaw on August 1, 1944, during WWII when the city was under Nazi occupation, and there is no indication of natural death or other cause, suggesting he was killed by occupying forces during this period of intense conflict in Warsaw.",https://esu.com.ua/article-53788
Левицький Богдан Юстинович,wwii_occupation,1944,1910,non_migrated,скрипаль,"Levitsky died in Yavoriv, Lviv region in July 1944 during Nazi occupation of Western Ukraine, with no mention of execution, camp imprisonment, or military combat, suggesting death under occupation circumstances.",https://esu.com.ua/article-53748
Нерубенко Володимир Федорович,wwii_occupation,1944,1905,internal_transfer,графік,"He died on June 10, 1944, near the village of Michurinskoe in Leningrad oblast during the Nazi occupation of the Soviet Union, suggesting he was killed during WWII occupation rather than from natural causes or other repression.",https://esu.com.ua/article-74513
Виґживальський  Фелікс,wwii_occupation,1944,1875,non_migrated,польський живописець і графік,"Died on September 4, 1944, near Żeshów, Poland during WWII occupation, with no indication of combat or other cause of death specified in the biographical entry.",https://esu.com.ua/article-33935
Дзидз Степан,wwii_occupation,1945,1893,migrated,графік,"He died in Prague on May 9, 1945, the final day of WWII in Europe, and as a Ukrainian activist and internee, he likely died during the Soviet or Nazi occupation of Prague during the final combat and takeover of the city.",https://esu.com.ua/article-24111
Ґловінський Аполлінарій,wwii_occupation,1945,1884,non_migrated,польський скульптор,"He died in Warsaw in August 1945, shortly after the end of WWII occupation, and given the context of a Polish artist in Warsaw during the Nazi occupation period, this indicates death during WWII occupation rather than from natural causes alone.",https://esu.com.ua/article-25651
Забочень Михайло Степанович,wwii_occupation,2002,1925,internal_transfer,філокартист і мистецтвознавець,"He was a prisoner of Auschwitz and Buchenwald, Nazi concentration camps during WWII, and while the biography does not explicitly state his cause of death, his imprisonment in these camps during WWII occupation indicates he was a victim of Nazi persecution during the war.",https://esu.com.ua/article-17243
Петренко Максим Віталійович,wwii_occupation,2022,1983,non_migrated,фахівець у галузі комп’ютерної графіки,"Petrenenko died on June 1, 2022, in Studenok village in Izyum district during Russia's 2022 invasion of Ukraine, and was buried as a hero, indicating he was killed during the Russian occupation of the region.",https://esu.com.ua/article-886093
