name,birth_year,death_year,age_at_death,wave,wave_confidence,match_excerpt
Агнон Шмуель  Йосеф,1888.0,1970.0,82.0,WAVE3,high,"year=[1954, 1958, 1966] kw=1970"
Андрійчук Михайло Миколайович,1894.0,1938.0,44.0,UNKNOWN,low,no_year_no_keyword
Антохій Мирослав  Олексійович,1920.0,1997.0,77.0,WAVE1,medium,year=[1920] kw=None
Байрак Ярема,1913.0,1944.0,31.0,WAVE2,high,year=[1944] kw=wwii
Бакланов Георгій Андрійович,1880.0,1938.0,58.0,UNKNOWN,low,no_year_no_keyword
Балтарович Володимир,1904.0,1968.0,64.0,WAVE3,high,year=[1968] kw=1968
Барагура Володимир Іванович,1910.0,2000.0,90.0,WAVE4,medium,year=[2000]
Батіг Іван,1872.0,1923.0,51.0,UNKNOWN,low,no_year_no_keyword
Бачинський Леонід Васильович,1896.0,1989.0,93.0,WAVE3,medium,year=[1989] kw=None
Бен-Аммі Мордехай,1854.0,1932.0,78.0,UNKNOWN,low,no_year_no_keyword
Бережан Зиновій,1920.0,1968.0,48.0,WAVE1,medium,year=[1920] kw=None
Блавацький Володимир Іванович,1900.0,1953.0,53.0,WAVE3,high,year=[1953] kw=1953
Блондер Саша,1909.0,1949.0,40.0,WAVE3,high,year=[1949] kw=1949
Бобикевич Остап Олексійович,1889.0,1970.0,81.0,WAVE3,high,year=[1970] kw=1970
Бобикевич-Сора Клавдія Ізидорівна,1896.0,1971.0,75.0,WAVE3,high,year=[1971] kw=1971
Бобрицький Володимир Васильович,1898.0,1986.0,88.0,WAVE3,high,year=[1986] kw=1986
Бойко Юрій Гаврилович,1909.0,2002.0,93.0,WAVE2,high,year=[1945] kw=wwii
Болехівський-Боян Петро,1910.0,1995.0,85.0,WAVE4,medium,year=[1995]
Бонкало Шандор (Олександр) Олександрович,1880.0,1959.0,79.0,WAVE3,high,year=[1959] kw=1959
Бора Богдан,1920.0,1997.0,77.0,WAVE1,high,year=[1920] kw=1920
Борецький Адальберт Адальбертович,1910.0,1990.0,80.0,WAVE3,high,year=[1990] kw=1990
Буряковський Аркадій  Мойсейович,1920.0,1999.0,79.0,WAVE1,high,year=[1920] kw=1920
Бутович Микола  Григорович,1895.0,1961.0,66.0,WAVE3,high,"year=[1952, 1961] kw=1952"
Вавринчик Іван,1913.0,1993.0,80.0,WAVE4,medium,year=[1993]
Варавва Олекса Петрович,1882.0,1967.0,85.0,WAVE3,high,year=[1967] kw=1967
Веретенченко Олекса Андрійович,1918.0,1993.0,75.0,WAVE1,medium,year=[1918] kw=None
Винницька Ірина,1906.0,1990.0,84.0,WAVE3,high,year=[1990] kw=1990
Винниченко-Мозгова Євгенія,1908.0,1988.0,80.0,WAVE3,high,"year=[1951, 1988] kw=1951"
Вишневий Григорій Петрович,1919.0,2007.0,88.0,WAVE1,medium,year=[1919] kw=None
Віконська Дарія,1893.0,1945.0,52.0,WAVE2,high,year=[1945] kw=1945
Влодарський Марк,1903.0,1960.0,57.0,WAVE1,medium,year=[1918] kw=None
Володимир Р.,1920.0,2007.0,87.0,WAVE1,high,year=[1920] kw=1920
Воронець-Монтвід Катерина Дмитрівна,1883.0,1955.0,72.0,WAVE3,high,year=[1955] kw=1955
Гаєк Андрій Микитович,1873.0,1949.0,76.0,WAVE3,medium,year=[1949] kw=None
Газданов Гайто,1903.0,1971.0,68.0,WAVE1,medium,year=[1919] kw=None
Гай-Головко Олекса Несторович,1910.0,2006.0,96.0,WAVE4,medium,year=[2006]
Гайворонський Михайло,1892.0,1949.0,57.0,WAVE3,high,year=[1949] kw=1949
Гайдарівський Василь Андрійович,1908.0,1972.0,64.0,WAVE3,medium,year=[1972] kw=None
Гехтер Максим Григорович,1885.0,1947.0,62.0,WAVE3,high,year=[1947] kw=1947
Гонтарук Ніна,1887.0,1950.0,63.0,WAVE3,high,year=[1950] kw=1950
Гребінецька Марія Зиновіївна,1883.0,1971.0,88.0,WAVE3,high,year=[1971] kw=1971
Гребінчишин Іван,1891.0,1970.0,79.0,WAVE3,high,year=[1970] kw=1970
Ґрегем Джон,1886.0,1961.0,75.0,WAVE3,high,year=[1961] kw=1961
Ґренджа-Донський Василь Степанович,1897.0,1974.0,77.0,WAVE3,high,year=[1974] kw=1974
Грива Максим,1893.0,1931.0,38.0,WAVE1,high,year=[1917] kw=1917
Гриневичева Катря,1875.0,1947.0,72.0,WAVE2,medium,year=[] kw=wwii
Далека Лідія,1889.0,1983.0,94.0,WAVE3,high,year=[1983] kw=1983
Денисенко Ніна,1906.0,1976.0,70.0,WAVE3,high,year=[1976] kw=1976
Дерен Майя,1917.0,1961.0,44.0,WAVE1,medium,year=[1917] kw=None
Дуфанець Марія,1903.0,1980.0,77.0,WAVE3,high,year=[1980] kw=1980
Єржківський Микола,1894.0,1967.0,73.0,WAVE1,medium,year=[1917] kw=None
Залуцький Василь,1895.0,1973.0,78.0,WAVE3,high,year=[1973] kw=1973
Збєжховський Генрик,1881.0,1942.0,61.0,WAVE2,high,year=[1942] kw=1942
Зінов’єв Георгій Степанович,1876.0,1927.0,51.0,UNKNOWN,low,no_year_no_keyword
Зореслав,1909.0,2003.0,94.0,WAVE3,medium,year=[1991] kw=None
Ізарський Олекса,1919.0,2007.0,88.0,WAVE1,high,year=[1919] kw=1919
Кайданов Костянтин Євгенович,1883.0,1951.0,68.0,WAVE3,high,year=[1951] kw=1951
Калиненко Ігор,1917.0,1991.0,74.0,WAVE1,medium,year=[1917] kw=None
Калмиков Микола Іванович,1898.0,1951.0,53.0,WAVE1,medium,year=[1917] kw=None
Капшученко Петро Савич,1915.0,2006.0,91.0,WAVE4,medium,year=[2006]
Карлашов Микола Кирилович,1881.0,1973.0,92.0,WAVE3,high,year=[1973] kw=1973
Кац Зельман Мендельович,1911.0,2008.0,97.0,WAVE4,medium,year=[2008]
Кедр Ростислав,1905.0,2002.0,97.0,WAVE4,medium,year=[2002]
Кізко Петро,1913.0,1976.0,63.0,WAVE3,high,year=[1976] kw=1976
Ковальський Степан,1893.0,1981.0,88.0,WAVE1,medium,"year=[1917, 1919] kw=None"
Ковбель Семен Федорович,1877.0,1966.0,89.0,WAVE3,high,"year=[1954, 1966] kw=1954"
Кодак Юрій Степанович,1916.0,1991.0,75.0,WAVE2,medium,year=[1940] kw=None
Конаш-Конашевич Василь-Станіслав,1914.0,1999.0,85.0,WAVE1,high,year=[1919] kw=1919
Корвін-Піотровський Володимир Львович,1891.0,1966.0,75.0,WAVE3,high,year=[1966] kw=1966
Косач-Кривинюк Ольга Петрівна,1877.0,1945.0,68.0,WAVE2,high,year=[1945] kw=1945
Котлярчук Нектарій,1875.0,1934.0,59.0,UNKNOWN,low,no_year_no_keyword
Коханський-Гурільов Кирило Васильович,1888.0,1974.0,86.0,WAVE3,high,year=[1974] kw=1974
Кримський Володимир,1919.0,1996.0,77.0,WAVE1,medium,year=[1919] kw=None
Кройтор-Бішоп Тетяна,1904.0,1996.0,92.0,WAVE4,medium,year=[1996]
Крушельницький Ярослав,1916.0,1973.0,57.0,WAVE2,medium,year=[1941] kw=None
Лавровський Петро Мойсейович,1887.0,1946.0,59.0,WAVE3,high,year=[1946] kw=1946
Лаппо-Данилевська Надія Олександрівна,1874.0,1951.0,77.0,WAVE3,high,year=[1951] kw=1951
Ледянський Сергій,1906.0,2000.0,94.0,WAVE2,medium,year=[1941] kw=None
Леонтович Роман Андріянович,1883.0,1954.0,71.0,WAVE3,high,year=[1954] kw=1954
Леонтович-Башук Наталія Романівна,1918.0,1995.0,77.0,WAVE1,high,year=[1918] kw=1918
Лесич Вадим,1909.0,1982.0,73.0,WAVE3,high,year=[1982] kw=1982
Лисько Зиновій,1895.0,1969.0,74.0,WAVE3,high,year=[1969] kw=1969
Лідваль Федір Іванович,1870.0,1945.0,75.0,WAVE2,high,year=[1945] kw=1945
Лімниченко Василь,1899.0,1949.0,50.0,WAVE3,high,year=[1949] kw=1949
Лінський Михайло Семенович,1878.0,1941.0,63.0,WAVE2,high,year=[1941] kw=1941
Лоза-Маковська Марія,1900.0,1969.0,69.0,WAVE3,high,year=[1969] kw=1969
Луговий Олександр,1904.0,1962.0,58.0,WAVE1,high,year=[1919] kw=1919
Луців Лука Юрійович,1895.0,1984.0,89.0,WAVE3,medium,year=[1984] kw=None
Мазуренко Галя,1901.0,2001.0,100.0,WAVE4,medium,year=[2001]
Майданик Яків Матвійович,1891.0,1984.0,93.0,WAVE3,high,year=[1984] kw=1984
Маляр Павло Микитович,1910.0,2005.0,95.0,WAVE4,medium,year=[2005]
Манґер Іцик,1901.0,1969.0,68.0,WAVE3,high,year=[1969] kw=1969
Мане-Кац Мане Лазарович,1894.0,1962.0,68.0,WAVE3,high,year=[1962] kw=1962
Манило Іван Васильович,1918.0,1976.0,58.0,WAVE1,medium,year=[1918] kw=None
Мані-Лейб,1883.0,1953.0,70.0,WAVE3,high,year=[1953] kw=1953
Марго Борис Ізраїльович,1902.0,1995.0,93.0,WAVE4,medium,year=[1995]
Мартон Адальберт Олександрович,1913.0,2007.0,94.0,WAVE3,high,year=[1960] kw=1960
Масляк Ярослав Іванович,1909.0,1996.0,87.0,WAVE4,medium,year=[1996]
Матюнін Павло  Павлович,1885.0,1961.0,76.0,WAVE3,high,year=[1961] kw=1961
Мельничук Оксана,1915.0,1986.0,71.0,WAVE3,medium,year=[1986] kw=None
Менкарський Стефан-Ян,1895.0,1985.0,90.0,WAVE1,medium,year=[1920] kw=None
Мессак Тимофій,1915.0,1998.0,83.0,WAVE3,high,year=[1948] kw=1948
Миклашевський Костянтин Михайлович,1886.0,1943.0,57.0,WAVE2,high,year=[1943] kw=1943
Михайловський Михайло Еммануїлович,1917.0,1989.0,72.0,WAVE1,medium,year=[1917] kw=None
Мінський Михайло Григорович,1918.0,1988.0,70.0,WAVE1,medium,year=[1918] kw=None
Млаковий Михайло,1895.0,1976.0,81.0,WAVE1,high,year=[1917] kw=1917
Могилевський Леонід,1898.0,1976.0,78.0,WAVE3,high,year=[1976] kw=1976
Монська Ольга Іванівна,1890.0,1925.0,35.0,UNKNOWN,low,no_year_no_keyword
Мур Дан,1914.0,1978.0,64.0,WAVE3,high,year=[1978] kw=1978
Мурович Лариса,1915.0,2002.0,87.0,WAVE4,medium,year=[2002]
Мусатова-Кульженко Єлизавета Іванівна,1871.0,1951.0,80.0,WAVE2,medium,year=[] kw=wwii
Наріжний Олександр Петрович,1894.0,1965.0,71.0,WAVE1,medium,year=[1917] kw=None
Нижанківський Богдан Амвросійович,1909.0,1986.0,77.0,WAVE3,high,year=[1986] kw=1986
Палій Микола-Мирослав,1911.0,1994.0,83.0,WAVE2,medium,year=[1940] kw=None
Самохваленко Євген,1917.0,1984.0,67.0,WAVE1,high,year=[1917] kw=1917
Соловей Оксана Дмитрівна,1919.0,2004.0,85.0,WAVE1,medium,year=[1919] kw=None
Сурмач Роман,1861.0,1935.0,74.0,UNKNOWN,low,no_year_no_keyword
Чічка-Андрієнко Клим,1885.0,1967.0,82.0,WAVE3,high,year=[1967] kw=1967
Ліспектор Кларісе,1920.0,1977.0,57.0,WAVE1,high,year=[1920] kw=1920
Щербаненко Джорджо,1911.0,1969.0,58.0,WAVE3,high,year=[1969] kw=1969
Аверченко Аркадій  Тимофійович,1881.0,1925.0,44.0,UNKNOWN,low,no_year_no_keyword
Авраменко Василь  Кирилович,1895.0,1981.0,86.0,WAVE3,high,year=[1981] kw=1981
Агафонов Євген  Андрійович,1879.0,1955.0,76.0,WAVE3,high,year=[1955] kw=1955
Азовський Микола  Панасович,1903.0,1947.0,44.0,WAVE3,high,year=[1947] kw=1947
Акименко Федір Степанович,1876.0,1945.0,69.0,WAVE2,high,year=[1945] kw=1945
Акритова Елла Олексіївна,1934.0,2018.0,84.0,WAVE3,medium,year=[1989] kw=None
Аксентович Теодор,1859.0,1938.0,79.0,UNKNOWN,low,no_year_no_keyword
Альбічук Василь,1909.0,1995.0,86.0,WAVE4,medium,year=[1995]
Анастазієвський Микола,1891.0,1974.0,83.0,WAVE3,high,year=[1974] kw=1974
Андреадіс Галина-Алісія,,1932.0,,WAVE4,medium,year=[2002]
Андрієвський Дмитро Юрійович,1892.0,1976.0,84.0,WAVE3,high,year=[1976] kw=1976
Андрусів Наталка Юліанівна,1910.0,2002.0,92.0,WAVE4,medium,year=[2002]
Андрусів Петро Стефанович,1906.0,1981.0,75.0,WAVE3,high,year=[1981] kw=1981
Андрухович Роман,1915.0,1997.0,82.0,WAVE2,high,year=[1944] kw=wwii
Анічков Євген Васильович,1866.0,1937.0,71.0,UNKNOWN,low,no_year_no_keyword
Анстей Ольга Миколаївна,1912.0,1985.0,73.0,WAVE2,high,year=[1943] kw=1943
Антонишин Адам,1912.0,1963.0,51.0,WAVE2,medium,year=[1939] kw=None
Антонович Марко  Дмитрович,1916.0,2005.0,89.0,WAVE4,medium,year=[2005]
Антонович Мирослав  Іванович,1917.0,2006.0,89.0,WAVE1,high,year=[1917] kw=1917
Антохій Микола  Васильович,1905.0,1983.0,78.0,WAVE3,high,year=[1983] kw=1983
Арабажин Костянтин  Іванович,1866.0,1929.0,63.0,UNKNOWN,low,no_year_no_keyword
Артюшенко Юрій Митрофанович,1899.0,1990.0,91.0,WAVE3,high,year=[1990] kw=1990
Архипенко Олександр  Порфирович,1887.0,1964.0,77.0,WAVE3,high,year=[1964] kw=1964
Арцибашев Михайло Петрович,1878.0,1927.0,49.0,UNKNOWN,low,no_year_no_keyword
Атаманець Іван,1886.0,1985.0,99.0,WAVE3,high,year=[1985] kw=1985
Афонський Микола Петрович,1892.0,1971.0,79.0,WAVE3,high,year=[1971] kw=1971
Ашкіназі Володимир Олександрович,1873.0,1941.0,68.0,WAVE2,high,year=[1941] kw=1941
Бабак Рената Володимирівна,1934.0,2003.0,69.0,WAVE3,medium,"year=[1959, 1961] kw=None"
Бабич Андрій Федорович,1921.0,2018.0,97.0,WAVE1,high,year=[1921] kw=1921
Бабич Іван Трохимович,1929.0,1993.0,64.0,WAVE3,medium,year=[1984] kw=None
Бабій Олесь (Олександр) Йосипович,1897.0,1975.0,78.0,WAVE3,high,year=[1975] kw=1975
Бабуняк Ярослав Ілярійович,1924.0,2012.0,88.0,WAVE4,medium,year=[2012]
Багацька Віра Микитівна,1926.0,1995.0,69.0,WAVE3,high,"year=[1954, 1974] kw=1954"
Багряний Іван,1906.0,1963.0,57.0,WAVE3,high,year=[1963] kw=1963
Бажанський Михайло Васильович,1910.0,1994.0,84.0,WAVE4,medium,year=[1994]
Байков Микола Аполлонович,1872.0,1958.0,86.0,WAVE3,high,year=[1958] kw=1958
Байлова Меланія Володимирівна,1896.0,1979.0,83.0,WAVE3,high,year=[1979] kw=1979
Балан Марія,1895.0,1976.0,81.0,WAVE3,high,year=[1976] kw=1976
Балан Ярс,,1952.0,,WAVE3,high,"year=[1952, 1971] kw=1952"
Балук Марія,1933.0,1995.0,62.0,WAVE4,medium,year=[1995]
Баляс Володимир,1906.0,1980.0,74.0,WAVE3,high,year=[1980] kw=1980
Банах-Твердохліб Ірина Іванівна,1918.0,2013.0,95.0,WAVE1,medium,year=[1918] kw=None
Барабаш Марта-Марія,1917.0,2002.0,85.0,WAVE1,medium,year=[1917] kw=None
Баран Анна-Марія,1914.0,1995.0,81.0,WAVE2,medium,year=[1939] kw=None
Баран Вільгельм Феліксович,1916.0,1988.0,72.0,WAVE2,medium,year=[1939] kw=None
Баранський Збіґнєв,1925.0,2009.0,84.0,WAVE3,medium,"year=[1955, 1979] kw=None"
Барвінський Іван-Севастян Васильович,1920.0,1964.0,44.0,WAVE1,high,year=[1920] kw=1920
Барер Симон,1896.0,1951.0,55.0,WAVE1,medium,year=[1919] kw=None
Барнич Ярослав  Васильович,1896.0,1967.0,71.0,WAVE3,high,year=[1967] kw=1967
Барський Вілен Ісакович,1930.0,2012.0,82.0,WAVE3,high,"year=[1957, 1967, 1991] kw=1967"
Барський Михайло Ілліч,1933.0,2012.0,79.0,WAVE3,medium,"year=[1968, 1990] kw=None"
Барцал Антон  Іванович,1847.0,1927.0,80.0,UNKNOWN,low,no_year_no_keyword
Барчинський Орест,1923.0,2000.0,77.0,WAVE2,medium,year=[1941] kw=None
Басса Пилип,1889.0,1961.0,72.0,WAVE3,high,year=[1961] kw=1961
Бачинський Микола Васильович,1887.0,1969.0,82.0,WAVE3,high,year=[1969] kw=1969
Беднарський Богдан Мефодійович,1921.0,1949.0,28.0,WAVE1,medium,year=[1921] kw=None
Беднарський Володимир-Маріан Мефодійович,1927.0,1996.0,69.0,WAVE4,medium,year=[1996]
Безкоровайний Василь Васильович,1880.0,1966.0,86.0,WAVE3,high,year=[1966] kw=1966
Безпалий Анатолій Олександрович,1936.0,2002.0,66.0,WAVE3,medium,year=[1957] kw=None
Безпечний Іван Прокопович,1909.0,1994.0,85.0,WAVE4,medium,year=[1994]
Безушко Володимир Васильович,1894.0,1980.0,86.0,WAVE1,medium,"year=[1918, 1919] kw=None"
Безчастнов Ігор Михайлович,1924.0,2018.0,94.0,WAVE3,medium,year=[1975] kw=None
Бейтельсбахер Християн,1864.0,1929.0,65.0,UNKNOWN,low,no_year_no_keyword
Бекторе Шевкі,1888.0,1961.0,73.0,WAVE3,medium,year=[1961] kw=None
Беліна-Скупевський Стефан Броніславович,1885.0,1962.0,77.0,WAVE3,high,year=[1962] kw=1962
Белський Юрій Владиславович,1922.0,2004.0,82.0,WAVE3,medium,year=[1977] kw=None
Бельмас Ксенія  Олександрівна,1890.0,1981.0,91.0,WAVE1,medium,"year=[1917, 1920, 1921] kw=None"
Бем Альфред  Людвиґович,1886.0,1945.0,59.0,WAVE2,high,year=[1945] kw=1945
Бендер Віталій  Петрович,1923.0,1991.0,68.0,WAVE3,high,year=[1991] kw=1991
Бенцаль-Карп’як Олена Олександрівна,1901.0,1990.0,89.0,WAVE3,high,year=[1990] kw=1990
Бердяєв Валеріан Валеріанович,1885.0,1956.0,71.0,WAVE2,medium,year=[1945] kw=None
Бережницький Богдан Теофілович,1887.0,1965.0,78.0,WAVE1,medium,year=[1918] kw=None
Березенець Дометій Йосипович,1898.0,1988.0,90.0,WAVE3,high,year=[1988] kw=1988
Березовський Володимир Семенович,1882.0,1956.0,74.0,WAVE3,high,year=[1956] kw=1956
Берник Олександр,1912.0,1978.0,66.0,WAVE3,high,year=[1978] kw=1978
Бескид Микола,1883.0,1947.0,64.0,WAVE3,medium,year=[1947] kw=None
Бєлоусов Овсій Якович,1881.0,1945.0,64.0,WAVE2,high,year=[1945] kw=1945
Бєлоусов Олександр Якович,1880.0,1960.0,80.0,WAVE1,medium,year=[1917] kw=None
Бєльський-Стеценко Іван Харитонович,1923.0,2003.0,80.0,WAVE2,medium,year=[1943] kw=None
Билінов Олександр Йосипович,1909.0,2000.0,91.0,WAVE3,medium,year=[] kw=post-war
Бібик Валентин Савович,1940.0,2003.0,63.0,WAVE2,high,year=[1940] kw=1940
Бігус Петро,1882.0,1966.0,84.0,WAVE3,high,year=[1966] kw=1966
Бідняк Микола Петрович,1930.0,2000.0,70.0,WAVE4,medium,"year=[1994, 1995, 2000]"
Білак Сидір,1889.0,1944.0,55.0,WAVE1,medium,year=[1919] kw=None
Біленька Ліна,1925.0,2025.0,100.0,WAVE2,medium,year=[] kw=wwii
Білецька Текля Тодорівна,1899.0,1965.0,66.0,WAVE1,medium,year=[1919] kw=None
Білецький Леонід Тимофійович,1882.0,1955.0,73.0,WAVE3,high,year=[1955] kw=1955
Білинський Гнат,1917.0,1992.0,75.0,WAVE1,high,year=[1917] kw=1917
Білинський Мирон,1914.0,1984.0,70.0,WAVE2,medium,year=[] kw=wwii
Білокозович Василь,1899.0,1981.0,82.0,WAVE3,high,year=[1981] kw=1981
Білоус-Гарасевич Марія Савівна,1918.0,2004.0,86.0,WAVE1,medium,year=[1918] kw=None
Біляїв Володимир Іванович,1925.0,2006.0,81.0,WAVE4,medium,year=[2006]
Бірчанський Лео,1887.0,1949.0,62.0,WAVE3,high,year=[1949] kw=1949
Бісс Єва Федорівна,1920.0,2005.0,85.0,WAVE1,high,year=[1920] kw=1920
Бліндер Наум Самійлович,1889.0,1965.0,76.0,WAVE3,high,year=[1965] kw=1965
Бобикевич-Устиянович Марія Миколаївна,1859.0,1949.0,90.0,WAVE3,high,year=[1949] kw=1949
Бовкун Олександр Петрович,1943.0,2025.0,82.0,WAVE2,high,year=[1943] kw=wartime
Богацький Павло Олександрович,1883.0,1962.0,79.0,WAVE3,high,year=[1962] kw=1962
Богачевський Юрій Володимирович,1933.0,2006.0,73.0,WAVE2,medium,year=[1944] kw=None
Боднар Володимир,1915.0,2002.0,87.0,WAVE4,medium,year=[2002]
Боднар Ілько,1921.0,1994.0,73.0,WAVE1,medium,year=[1921] kw=None
Боднарук Іван Лазарович,1903.0,1990.0,87.0,WAVE3,high,year=[1990] kw=1990
Боднарчук Іван Дмитрович,1914.0,1990.0,76.0,WAVE3,high,year=[1990] kw=1990
Божик Володимир Михайлович,1908.0,1991.0,83.0,WAVE3,high,year=[1991] kw=1991
Бойчук Богдан Миколайович,1927.0,2017.0,90.0,WAVE2,medium,year=[1944] kw=None
Бонгарт Сергій,1918.0,1985.0,67.0,WAVE1,medium,year=[1918] kw=None
Борачок Маріян  Юліанович,1912.0,1993.0,81.0,WAVE4,medium,year=[1993]
Борачок Северин  Юліанович,1898.0,1975.0,77.0,WAVE1,medium,year=[1921] kw=None
Боровський-Бродський Давид Львович,1934.0,2006.0,72.0,WAVE4,medium,"year=[1994, 2006]"
Боролич Юрій  Юрійович,1921.0,1973.0,52.0,WAVE1,medium,year=[1921] kw=None
Борткевич Сергій  Едуардович,1877.0,1952.0,75.0,WAVE3,high,year=[1952] kw=1952
Боярський Анатолій Олександрович,1932.0,2021.0,89.0,WAVE3,medium,"year=[1955, 1957, 1966] kw=None"
Браз Йосип  Еммануїлович,1873.0,1936.0,63.0,UNKNOWN,low,no_year_no_keyword
Браїловський Леонід  Михайлович,1867.0,1937.0,70.0,UNKNOWN,low,no_year_no_keyword
Браїловський Олександр  Петрович,1896.0,1975.0,79.0,WAVE1,medium,year=[1919] kw=None
Братківський Роман,1869.0,1954.0,85.0,WAVE3,medium,year=[1954] kw=None
Бреґент Христина-Олена Михайлівна,,1947.0,,WAVE3,high,"year=[1947, 1958, 1969] kw=1947"
Брешко-Брешковський Микола  Миколайович,1874.0,1943.0,69.0,WAVE2,high,year=[1943] kw=wwii
Бризгун-Шатна Леся,1920.0,2011.0,91.0,WAVE1,medium,year=[1920] kw=None
Брик Михайло,1922.0,1980.0,58.0,WAVE3,high,"year=[1973, 1980] kw=1980"
Бринський Михайло  Федорович,1883.0,1957.0,74.0,WAVE3,high,year=[1957] kw=1957
Буздуґан Йон,1887.0,1967.0,80.0,WAVE3,medium,year=[1967] kw=None
Букиник Михайло Овсійович,1872.0,1947.0,75.0,WAVE3,high,"year=[1947, 1953] kw=1947"
Булавицький Олекса  Васильович,1916.0,2001.0,85.0,WAVE4,medium,year=[2001]
Булат Тамара  Павлівна,1933.0,2004.0,71.0,WAVE3,medium,"year=[1956, 1967, 1981] kw=None"
Бульдин Кость  Петрович,1897.0,1966.0,69.0,WAVE3,high,year=[1966] kw=1966
Бурґгардт Освальд  Федорович,1891.0,1947.0,56.0,WAVE3,high,year=[1947] kw=1947
Бурич Володимир  Петрович,1932.0,1994.0,62.0,WAVE3,medium,year=[1983] kw=None
Буркатов Борис  Абрамович,1915.0,2016.0,101.0,WAVE3,medium,year=[1953] kw=None
Бурлюк Володимир  Давидович,1886.0,1917.0,31.0,WAVE1,high,year=[1917] kw=1917
Бурлюк Давид  Давидович,1882.0,1967.0,85.0,WAVE3,high,year=[1967] kw=1967
Бурська Інна  Володимирівна,1888.0,1954.0,66.0,WAVE3,high,year=[1954] kw=1954
Буртник Дмитро,1896.0,1959.0,63.0,WAVE3,high,year=[1959] kw=1959
Бурхан Валентин  Мусійович,1937.0,2003.0,66.0,WAVE3,medium,"year=[1967, 1972] kw=None"
Буряківець Юрій  Дмитрович,1922.0,1996.0,74.0,WAVE2,medium,year=[1941] kw=None
Бутовський Семен  Юхимович,1886.0,1967.0,81.0,WAVE3,high,year=[1967] kw=1967
Буцманюк Юліан,1885.0,1967.0,82.0,WAVE3,high,year=[1967] kw=1967
Бучинський Дмитро  Григорович,1913.0,1963.0,50.0,WAVE3,high,year=[1963] kw=1963
Бялик Михайло  Григорович,1929.0,2022.0,93.0,WAVE3,medium,"year=[1951, 1969, 1982] kw=None"
Бялик Хаїм-Нахман,1873.0,1934.0,61.0,UNKNOWN,low,no_year_no_keyword
Вагилевич Кость,1891.0,1974.0,83.0,WAVE1,medium,year=[1917] kw=None
Вакалюк Марія Михайлівна,1901.0,1982.0,81.0,WAVE3,high,year=[1982] kw=1982
Вакер Микола,1897.0,1987.0,90.0,WAVE1,high,year=[1917] kw=1917
Валькот Вільям Францович,1874.0,1943.0,69.0,WAVE2,high,year=[1943] kw=1943
Вараниця Іван,1897.0,1974.0,77.0,WAVE1,medium,year=[1917] kw=None
Варшавський Аврам-Іцько Ельович,1912.0,2000.0,88.0,WAVE3,high,year=[1972] kw=1972
Варшавчик Ґреґорі,1896.0,1972.0,76.0,WAVE3,high,year=[1972] kw=1972
Василева Олена,1893.0,1981.0,88.0,WAVE3,high,year=[1981] kw=1981
Васильківська Женя,1926.0,2021.0,95.0,WAVE2,medium,year=[1944] kw=None
Васильківський Євстахій,1904.0,1977.0,73.0,WAVE2,medium,year=[1939] kw=None
Васьківський В’ячеслав,1904.0,1975.0,71.0,WAVE3,high,"year=[1951, 1975] kw=1975"
Вахнюк Михайло,1888.0,1975.0,87.0,WAVE3,high,year=[1975] kw=1975
Вахраньов Юлій Федорович,1932.0,2023.0,91.0,WAVE3,medium,"year=[1954, 1971, 1987] kw=None"
Вахтель Вільгельм,1875.0,1942.0,67.0,WAVE2,high,year=[1942] kw=1942
Вацик Михайло Якимович,1898.0,1967.0,69.0,WAVE3,high,year=[1967] kw=1967
Вацик Теодор Якимович,1886.0,1968.0,82.0,WAVE3,high,year=[1968] kw=1968
Ващенко Євген Петрович,1887.0,1979.0,92.0,WAVE3,high,"year=[1957, 1967, 1979] kw=1979"
Вдовиченко Максим Іванович,1876.0,1929.0,53.0,UNKNOWN,low,no_year_no_keyword
Векслер Абрам Йосипович,1910.0,2003.0,93.0,WAVE3,high,year=[1957] kw=1957
Величковський Анатолій Євгенович,1901.0,1981.0,80.0,WAVE1,medium,year=[1918] kw=None
Вельничук Олександр,1895.0,1959.0,64.0,WAVE3,high,year=[1959] kw=1959
Венгринович Оріон,1922.0,2012.0,90.0,WAVE2,medium,year=[1942] kw=None
Венгринович Тирс,1924.0,2002.0,78.0,WAVE3,medium,year=[1952] kw=None
Вербицький Ананій Олексійович,1895.0,1974.0,79.0,WAVE3,high,"year=[1952, 1974] kw=1974"
Вергун Василь,1909.0,1981.0,72.0,WAVE3,high,"year=[1973, 1981] kw=1981"
Вергун Дмитро Миколайович,1871.0,1951.0,80.0,WAVE3,high,year=[1951] kw=1951
Верона Пауль,1897.0,1966.0,69.0,WAVE3,high,"year=[1950, 1966] kw=1950"
Верпето Надія Михайлівна,1894.0,1963.0,69.0,WAVE3,high,year=[1963] kw=1963
Весоловський Іван-Богдан,1915.0,1971.0,56.0,WAVE3,medium,year=[1971] kw=None
Вєркіна Тетяна  Борисівна,1946.0,2022.0,76.0,WAVE3,high,year=[1946] kw=1946
Видинівський Пантелеймон  Федорович,1891.0,1978.0,87.0,WAVE3,high,year=[1978] kw=1978
Винай Мафтей,1898.0,1981.0,83.0,WAVE3,medium,year=[1981] kw=None
Винницький Олександр,1911.0,2002.0,91.0,WAVE4,medium,year=[2002]
Винниченко Володимир  Кирилович,1880.0,1951.0,71.0,WAVE3,high,year=[1951] kw=1951
Вирста Аристид,1922.0,2000.0,78.0,WAVE3,medium,"year=[1974, 1977] kw=None"
Вирста Темістокль,1923.0,2017.0,94.0,WAVE3,medium,year=[1967] kw=None
Витвицький Василь,1905.0,1999.0,94.0,WAVE3,medium,year=[1960] kw=None
Вієльгорський Олександр,1889.0,1952.0,63.0,WAVE3,high,year=[1952] kw=1952
Вілінський Сергій Григорович,1876.0,1950.0,74.0,WAVE3,high,year=[1950] kw=1950
Вінклер Олександр Адольфович,1865.0,1935.0,70.0,UNKNOWN,low,no_year_no_keyword
Владимиров Андрій  Гаврилович,1946.0,2021.0,75.0,WAVE3,medium,"year=[1946, 1972, 1982] kw=None"
Вовк Віра,1926.0,2022.0,96.0,WAVE4,medium,year=[2022]
Вовк Юрій  Володимирович,1899.0,1961.0,62.0,WAVE3,high,year=[1961] kw=1961
Войнич Етель-Ліліан,1864.0,1960.0,96.0,WAVE3,medium,year=[1960] kw=None
Волевач Неоніла Григорівна,1891.0,1980.0,89.0,WAVE1,high,year=[1920] kw=russian revolution
Волиняк Петро Кузьмович,1907.0,1969.0,62.0,WAVE3,high,year=[1969] kw=1969
Волков Віталій Тимофійович,1901.0,1973.0,72.0,WAVE3,high,year=[1973] kw=1973
Воловик Лазар,1902.0,1977.0,75.0,WAVE1,medium,year=[1917] kw=None
Волховський Фелікс Вадимович,1846.0,1914.0,68.0,WAVE1,inferred,death_year<=1922
Вольтер Гергард,1923.0,1998.0,75.0,WAVE2,medium,year=[1941] kw=None
Воропай Олекса,1913.0,1989.0,76.0,WAVE3,high,"year=[1957, 1961, 1989] kw=1989"
Воротников Антоній Павлович,1857.0,1937.0,80.0,UNKNOWN,low,no_year_no_keyword
Вроблевський Костянтин Харитонович,1868.0,1939.0,71.0,WAVE1,medium,year=[1918] kw=None
Ґаберле Євстахій-Вацлав,1891.0,1947.0,56.0,WAVE1,medium,"year=[1917, 1919] kw=None"
Ґава Михайло  Васильович,1920.0,1997.0,77.0,WAVE1,medium,year=[1920] kw=None
Гаврилов Костянтин Олександрович,1862.0,1933.0,71.0,UNKNOWN,low,no_year_no_keyword
Гаврилюк Володимир,1904.0,2000.0,96.0,WAVE4,medium,year=[2000]
Гаєвська-Денес Лідія  Степанівна,1909.0,1989.0,80.0,WAVE3,high,year=[1989] kw=1989
Ґай Андрій,1932.0,2016.0,84.0,WAVE4,medium,year=[2016]
Гайдамака  Леонід Григорович,1898.0,1991.0,93.0,WAVE3,high,year=[1991] kw=1991
Гайний Віктор Станіславович,1932.0,1994.0,62.0,WAVE3,medium,"year=[1947, 1949] kw=None"
Галицький Владислав,1850.0,1939.0,89.0,WAVE2,medium,year=[1939] kw=None
Галімський Владислав Михайлович,1860.0,1940.0,80.0,WAVE2,high,year=[1940] kw=1940
Галун-Блак Марія,1910.0,1998.0,88.0,WAVE4,medium,year=[1998]
Ган Отто,1904.0,1942.0,38.0,WAVE1,medium,year=[1920] kw=None
Ганзен Олексій Васильович,1876.0,1937.0,61.0,WAVE1,medium,year=[1919] kw=None
Ганський Петро Павлович,1867.0,1942.0,75.0,WAVE2,high,year=[1942] kw=1942
Гаран Євген,1926.0,2012.0,86.0,WAVE2,medium,year=[1943] kw=None
Гарасевич Андрій,1917.0,1947.0,30.0,WAVE1,medium,year=[1917] kw=None
Гарасимчук Михайло Олексійович,1895.0,1983.0,88.0,WAVE3,high,year=[1983] kw=1983
Гарасовська-Дячишин Марія,1911.0,2000.0,89.0,WAVE4,medium,year=[2000]
Гарін В’ячеслав,1891.0,1957.0,66.0,WAVE1,medium,year=[1919] kw=None
Гармаш Олександр Наумович,1885.0,1945.0,60.0,WAVE2,high,year=[1945] kw=1945
Гасенко Георг (Юрій),1894.0,1933.0,39.0,UNKNOWN,low,no_year_no_keyword
Гаусман Віктор Янович,1892.0,1943.0,51.0,WAVE2,high,year=[1943] kw=westward
Гауш Любов Миколаївна,1877.0,1945.0,68.0,WAVE2,high,"year=[1940, 1945] kw=1945"
Гвоздецька Олександра Андріївна,1879.0,1969.0,90.0,WAVE3,high,year=[1969] kw=1969
Ґе Микола  Миколайович,1857.0,1938.0,81.0,UNKNOWN,low,no_year_no_keyword
Гевко Ярослав,1908.0,1987.0,79.0,WAVE2,medium,year=[1941] kw=None
Гейдек Петро Миколайович,1941.0,2016.0,75.0,WAVE2,medium,year=[1941] kw=None
Геніка Ростислав Володимирович,1859.0,1942.0,83.0,WAVE2,high,year=[1942] kw=1942
Гепперт Євген,1890.0,1979.0,89.0,WAVE1,medium,year=[1918] kw=None
Герасименко Олександр Миколайович,1863.0,1921.0,58.0,WAVE1,high,year=[1921] kw=1921
Ґеркен Богдан  Казимирович,1904.0,1979.0,75.0,WAVE3,high,"year=[1947, 1949, 1954] kw=1979"
Ґеркен-Русова Наталія,1897.0,1989.0,92.0,WAVE3,high,year=[1989] kw=1989
Ґец Лев  Львович,1896.0,1971.0,75.0,WAVE3,high,year=[1971] kw=post-war
Гільденман Мойше,1898.0,1957.0,59.0,WAVE3,high,year=[1957] kw=1957
Ґіна Георгій (Юрій) Миколайович,1932.0,2025.0,93.0,WAVE4,medium,"year=[2000, 2002, 2025]"
Гірний Василь Петрович,1902.0,1981.0,79.0,WAVE3,high,year=[1981] kw=1981
Гірняк Іван,,1957.0,,WAVE1,medium,year=[1919] kw=None
Гірняк Йосип Йосипович,1895.0,1989.0,94.0,WAVE3,high,"year=[1949, 1989] kw=1949"
Глаголін Борис Сергійович,1879.0,1948.0,69.0,WAVE3,high,year=[1948] kw=1948
Гладилович Людвиґ-Микола,1885.0,1967.0,82.0,WAVE3,high,year=[1967] kw=1967
Глібович Олена Юріївна,1923.0,2001.0,78.0,WAVE2,medium,year=[1942] kw=None
Глоба Микола Васильович,1859.0,1941.0,82.0,WAVE2,high,year=[1941] kw=1941
Глувко Ростислав Олександрович,1927.0,1990.0,63.0,WAVE2,high,"year=[1940, 1942] kw=1940"
Глух-Глухманський Василь,1894.0,1943.0,49.0,WAVE1,medium,"year=[1919, 1921] kw=None"
Гнатишак Микола Леонтійович,1902.0,1940.0,38.0,WAVE2,high,year=[1940] kw=1940
Гнатишин Андрій Ількович,1906.0,1995.0,89.0,WAVE3,medium,"year=[1963, 1977, 1985] kw=None"
Гнідий Мелетій Васильович,1896.0,1974.0,78.0,WAVE1,medium,year=[1921] kw=None
Гніздовський Яків Якович,1915.0,1985.0,70.0,WAVE3,high,year=[1985] kw=1985
Ґнопко Зенон,1912.0,1993.0,81.0,WAVE4,medium,year=[1993]
Голинський Михайло Теодорович,1890.0,1973.0,83.0,WAVE3,high,year=[1973] kw=1973
Голишев Юхим,1895.0,1971.0,76.0,WAVE3,high,year=[1971] kw=1971
Голіят Роман Степанович,1921.0,1998.0,77.0,WAVE1,high,year=[1921] kw=1921
Головінська-Кузьмович Марія-Любомира,1904.0,1986.0,82.0,WAVE3,high,year=[1986] kw=1986
Головко Юрій Несторович,1906.0,1980.0,74.0,WAVE3,high,year=[1980] kw=1980
Головков Герасим Семенович,1863.0,1909.0,46.0,WAVE1,inferred,death_year<=1922
Головчук Павло Андрійович,,1940.0,,WAVE2,high,year=[1940] kw=1940
Голод Марія-Анна Миколаївна,1917.0,2003.0,86.0,WAVE1,medium,year=[1917] kw=None
Голубець Зенон,1927.0,2006.0,79.0,WAVE3,high,year=[1946] kw=1946
Ґольдблат Мойсей  Ісакович,1896.0,1974.0,78.0,WAVE1,medium,year=[1918] kw=None
Ґольденберґ Лев  Ізраїльович,1921.0,2016.0,95.0,WAVE1,high,year=[1921] kw=1921
Ґольдштейн Леонід  Петрович,1862.0,1924.0,62.0,UNKNOWN,low,no_year_no_keyword
Гомзин Борис,1887.0,1965.0,78.0,WAVE3,high,year=[1965] kw=1965
Горбач Анна-Галя,1924.0,2011.0,87.0,WAVE4,medium,year=[2011]
Горбенко Олександр  Петрович,1938.0,2011.0,73.0,WAVE3,medium,"year=[1960, 1972] kw=None"
Гординська-Каранович Дарія,1908.0,1999.0,91.0,WAVE4,medium,year=[1999]
Гординська-Чапельська Мирослава,1911.0,1994.0,83.0,WAVE4,medium,year=[1994]
Гординський Святослав,1906.0,1993.0,87.0,WAVE4,medium,year=[1993]
Горенштейн Фрідріх  Наумович,1932.0,2002.0,70.0,WAVE3,medium,"year=[1955, 1963, 1980] kw=None"
Горлач Степан  Андрійович,1921.0,2018.0,97.0,WAVE1,medium,year=[1921] kw=None
Горницький Любомир,1927.0,1970.0,43.0,WAVE3,high,"year=[1950, 1970] kw=1970"
Горняткевич Дам’ян-Михайло Антонович,1892.0,1980.0,88.0,WAVE3,high,year=[1980] kw=1980
Горовиць Володимир  Самійлович,1903.0,1989.0,86.0,WAVE3,high,year=[1989] kw=1989
Городецький Владислав  Владиславович,1863.0,1930.0,67.0,UNKNOWN,low,no_year_no_keyword
Городиська Ядвіга,1905.0,1973.0,68.0,WAVE3,medium,year=[1973] kw=None
Городовенко Нестор  Феофанович,1885.0,1964.0,79.0,WAVE3,high,year=[1964] kw=1964
Горохов Микола,1900.0,1980.0,80.0,WAVE2,medium,year=[1939] kw=None
Горохович Антоніна  Тихонівна,1913.0,1997.0,84.0,WAVE4,medium,year=[1997]
Горський Костянтин  Костянтинович,1859.0,1924.0,65.0,UNKNOWN,low,no_year_no_keyword
Горшовський Мечислав,1892.0,1993.0,101.0,WAVE4,medium,year=[1993]
Гостиняк Іван  Іванович,1938.0,1999.0,61.0,WAVE3,medium,year=[1959] kw=None
Гоцій Михайло,1902.0,1981.0,79.0,WAVE1,medium,year=[1921] kw=None
Гошуляк Йосип  Григорович,1922.0,2015.0,93.0,WAVE3,medium,year=[1947] kw=None
Грабар Андрій Миколайович,1896.0,1990.0,94.0,WAVE3,high,"year=[1955, 1990] kw=1955"
Грабовецький Еммануїл Маркович,1912.0,2007.0,95.0,WAVE3,medium,year=[1953] kw=None
Ґренджа-Донська Аліса  Василівна,1921.0,2017.0,96.0,WAVE1,medium,year=[1921] kw=None
Гржималі Отакар,1883.0,1945.0,62.0,WAVE2,high,year=[1945] kw=1945
Григор’єв Сергій Вікторович,1896.0,1975.0,79.0,WAVE3,high,year=[1975] kw=1975
Григоренко Юрій,1898.0,1963.0,65.0,WAVE2,medium,year=[1943] kw=None
Григоріїв Мирослав Никифорович,1911.0,2000.0,89.0,WAVE1,high,year=[1920] kw=1920
Гриньковський Ян-Пйотр,1891.0,1971.0,80.0,WAVE1,high,year=[1921] kw=1921
Гриценко Микола  Миколайович,1856.0,1900.0,44.0,WAVE1,inferred,death_year<=1922
Грицюк Михайло  Якимович,1929.0,1979.0,50.0,WAVE3,high,"year=[1962, 1964, 1979] kw=1979"
Гришко Василь  Іванович,1914.0,2008.0,94.0,WAVE4,medium,year=[2008]
Грищенко Олекса,1883.0,1977.0,94.0,WAVE3,high,year=[1977] kw=1977
Ґріґаші Єва,1925.0,2002.0,77.0,WAVE3,medium,year=[1953] kw=None
Ґрімм Петро  Павлович,1898.0,1979.0,81.0,WAVE3,high,year=[1979] kw=1979
Ґрінвальдт Борис  Костянтинович,1895.0,1972.0,77.0,WAVE3,high,year=[1972] kw=1972
Громницький Павло  Антонович,1889.0,1977.0,88.0,WAVE3,high,year=[1977] kw=1977
Ґроссер Борис  Миколайович,1889.0,1972.0,83.0,WAVE3,high,year=[1972] kw=1972
Ґроссман Мирон  Осипович,1866.0,1937.0,71.0,UNKNOWN,low,no_year_no_keyword
Грудин Володимир  Володимирович,1893.0,1980.0,87.0,WAVE1,medium,year=[1921] kw=None
Ґруя Стеліан,,1933.0,,WAVE4,medium,year=[1996]
Губицький Тарас,1908.0,1974.0,66.0,WAVE3,high,year=[1974] kw=1974
Гудемчук Яків Олексійович,1922.0,2003.0,81.0,WAVE2,medium,year=[1941] kw=None
Ґудзовський Анатолій  Никанорович,1900.0,1984.0,84.0,WAVE3,high,year=[1984] kw=1984
Гузар Володимир Станіславович,1925.0,2009.0,84.0,WAVE3,high,"year=[1951, 1954, 1974] kw=1975"
Ґула Петро,1937.0,1980.0,43.0,WAVE3,high,year=[1980] kw=1980
Гуль Роман  Борисович,1896.0,1986.0,90.0,WAVE3,high,year=[1986] kw=1986
Гумалик Микола Іванович,1867.0,1942.0,75.0,WAVE2,high,year=[1942] kw=1942
Гуменна Докія Кузьмівна,1904.0,1996.0,92.0,WAVE4,medium,year=[1996]
Гуменюк Павло,1884.0,1965.0,81.0,WAVE3,high,year=[1965] kw=1965
Гумінілович Степан Володимирович,1917.0,1985.0,68.0,WAVE1,high,year=[1917] kw=1917
Гунькевич Дмитро Миколайович,1893.0,1953.0,60.0,WAVE3,high,year=[1953] kw=1953
Гурко Стефанія,1924.0,2019.0,95.0,WAVE4,medium,year=[2019]
Гурська-Крюкова Ольга  Сергіївна,1902.0,1975.0,73.0,WAVE3,high,year=[1975] kw=1975
Гуцалюк Любослав Михайлович,1923.0,2003.0,80.0,WAVE2,medium,year=[] kw=wartime
де Ґранмезон Микола  Рафаїлович,1892.0,1978.0,86.0,WAVE3,high,"year=[1972, 1978] kw=1972"
фон Ґарднер Іоан,1898.0,1984.0,86.0,WAVE3,high,"year=[1965, 1967, 1984] kw=1984"
Давидзон Яків  Борисович,1912.0,1998.0,86.0,WAVE3,medium,year=[1977] kw=None
Давидова Ірина  Миколаївна,1921.0,2006.0,85.0,WAVE1,high,year=[1921] kw=1921
Дагджи Дженгіз,1920.0,2011.0,91.0,WAVE1,medium,year=[1920] kw=None
Дайош Бела,1897.0,1978.0,81.0,WAVE1,medium,year=[1920] kw=None
Дайчак Вавжинець,1882.0,1968.0,86.0,WAVE2,high,year=[1939] kw=wwii
Дальний Мар’ян,1924.0,2007.0,83.0,WAVE4,medium,year=[2007]
Данильчук Іван Якович,1901.0,1942.0,41.0,WAVE2,high,year=[1942] kw=1942
Дараґан Андрій Іванович,1902.0,1987.0,85.0,WAVE3,high,year=[1987] kw=1987
Даревич Дарія,,1939.0,,WAVE2,high,year=[1939] kw=wwii
Даувальдер Валерія Флоріанівна,1918.0,2015.0,97.0,WAVE1,medium,year=[1918] kw=None
Дашкевич Михайло,1875.0,1948.0,73.0,WAVE3,high,year=[1948] kw=1948
Де Олександер,,1925.0,,WAVE2,medium,year=[1942] kw=None
Девлад Олексій Самійлович,1885.0,1959.0,74.0,WAVE3,high,year=[1959] kw=1959
Деко Олександр Аврамович,1926.0,2016.0,90.0,WAVE3,medium,year=[1988] kw=None
Делоне-Терк Соня,,1885.0,,WAVE3,high,year=[1979] kw=1979
Демо-Довгопільський Анатолій Арсентійович,1907.0,1943.0,36.0,WAVE2,high,year=[1943] kw=1943
Демуси,1922.0,2006.0,84.0,WAVE4,medium,year=[2006]
Демчук Остап Якович,1900.0,1945.0,45.0,WAVE2,high,year=[1945] kw=1945
Демчук Степан Антонович,1934.0,2008.0,74.0,WAVE3,medium,year=[1957] kw=None
Денисенко Іван Васильович,1983.0,2017.0,34.0,WAVE3,high,year=[1983] kw=1983
Денисенко Іван Іванович,1910.0,2006.0,96.0,WAVE4,medium,year=[2006]
Денисюк Микола  Дмитрович,1915.0,1976.0,61.0,WAVE3,high,"year=[1976, 1987] kw=1976"
Дердацький Владислав,1882.0,1951.0,69.0,WAVE3,high,year=[1951] kw=1951
Деслав Ежен,1899.0,1966.0,67.0,WAVE3,high,year=[1966] kw=1966
Дженков Віктор Антонович,1938.0,2002.0,64.0,WAVE3,medium,year=[1985] kw=None
Дзевульський Євген,1889.0,1978.0,89.0,WAVE1,medium,year=[1918] kw=None
Дзерович Юліан-Корнило Ігнатович,1871.0,1943.0,72.0,WAVE2,high,year=[1943] kw=wwii
Дзидз Степан,1893.0,1945.0,52.0,WAVE2,high,year=[1945] kw=1945
Дзюбанюк Еля (Ельжбета),1881.0,1944.0,63.0,WAVE1,medium,year=[1917] kw=None
Динов Юрій Зиновійович,1926.0,2001.0,75.0,WAVE3,medium,"year=[1951, 1952, 1958] kw=None"
Дмитренко Михайло Сергійович,1898.0,1997.0,99.0,WAVE4,medium,year=[1997]
Дмитрик Кузьма,1921.0,2004.0,83.0,WAVE1,medium,year=[1921] kw=None
Дніпровий і Чайка,1916.0,2008.0,92.0,WAVE1,medium,year=[1917] kw=None
Дністрянська Софія Львівна,1882.0,1956.0,74.0,WAVE3,high,year=[1956] kw=1956
Добкевич Антон Казимирович,1875.0,1956.0,81.0,WAVE3,high,year=[1956] kw=1956
Добош Степан Васильович,1912.0,1978.0,66.0,WAVE3,medium,year=[1978] kw=None
Доброліж Вадим Володимирович,1913.0,1973.0,60.0,WAVE3,high,year=[1973] kw=1973
Добрянський Андрій,1930.0,2012.0,82.0,WAVE3,medium,year=[1949] kw=None
Довгалюк Харитон Ониськович,1918.0,2006.0,88.0,WAVE1,medium,year=[1918] kw=None
Довганюк Володимир,1918.0,1989.0,71.0,WAVE1,medium,year=[1918] kw=None
Довгович Левко,1935.0,2025.0,90.0,WAVE4,medium,year=[2025]
Довженко Тарас Григорович,1931.0,2020.0,89.0,WAVE4,medium,"year=[1992, 1994, 2020]"
Довжик Василь,1943.0,2022.0,79.0,WAVE2,medium,year=[1943] kw=None
Дові Мені Мюріел,1867.0,1945.0,78.0,WAVE2,medium,year=[1945] kw=None
Дозорець В’ячеслав Мойсейович,1941.0,1993.0,52.0,WAVE2,medium,year=[1941] kw=None
Должицький Леон,1888.0,1965.0,77.0,WAVE3,medium,year=[1965] kw=None
Долинський Вітольд,1880.0,1955.0,75.0,WAVE3,high,year=[1955] kw=1955
Дольницька Марія Антонівна,1894.0,1974.0,80.0,WAVE3,high,year=[1974] kw=1974
Дольницький Зенон-Любомир Кирилович,1896.0,1976.0,80.0,WAVE3,high,year=[1976] kw=1976
Доманик Богдан Терентійович,1914.0,1951.0,37.0,WAVE3,high,year=[1951] kw=1951
Доманчук Петро,1902.0,1973.0,71.0,WAVE3,medium,year=[1973] kw=None
Домбровський Маріан Павлович,1876.0,1939.0,63.0,WAVE2,high,year=[1939] kw=1939
Дон Амінадо,1888.0,1957.0,69.0,WAVE3,high,year=[1957] kw=1957
Донцов Дмитро Іванович,1883.0,1973.0,90.0,WAVE3,high,year=[1973] kw=1973
Дончук Зосим Іванович,1903.0,1974.0,71.0,WAVE3,high,year=[1974] kw=1974
Дорошенко Гліб Володимирович,1897.0,1971.0,74.0,WAVE3,high,year=[1971] kw=1971
Дощівник Іван Тимофійович,1886.0,1973.0,87.0,WAVE3,high,year=[1973] kw=1973
Драґан Анна Костянтинівна,1903.0,1986.0,83.0,WAVE1,medium,year=[1921] kw=None
Драґан Антін,1913.0,1986.0,73.0,WAVE2,medium,year=[] kw=wwii
Дражевська Віра Артемівна,1912.0,1994.0,82.0,WAVE4,medium,year=[1994]
Драненко Григорій  Опанасович,1886.0,1944.0,58.0,WAVE2,high,year=[1944] kw=1944
Дрізо Михайло  Олександрович,1887.0,1953.0,66.0,WAVE3,high,year=[1953] kw=1953
Дробняк Михайло,1942.0,1984.0,42.0,WAVE2,high,year=[1942] kw=1942
Дроздовський Олександр-Іван,1918.0,1997.0,79.0,WAVE1,medium,year=[1918] kw=None
Дубовська Оксана,1900.0,1973.0,73.0,WAVE1,medium,year=[1920] kw=None
Дубрава Еміліан,1889.0,1939.0,50.0,WAVE2,high,year=[1939] kw=wwii
Дубровін Сергій Велиславович,1942.0,2015.0,73.0,WAVE2,medium,year=[1942] kw=None
Дубровін Юрій  Дмитрович,1939.0,2022.0,83.0,WAVE2,medium,year=[1939] kw=None
Дубровський Іван Пилипович,1912.0,1976.0,64.0,WAVE3,high,year=[1976] kw=1976
Дуван-Торцов Ісак Езрович,1873.0,1941.0,68.0,WAVE2,high,year=[1941] kw=1941
Дуда Михайло,1897.0,1962.0,65.0,WAVE3,high,year=[1962] kw=1962
Дудко Федір Степанович,1885.0,1962.0,77.0,WAVE3,high,year=[1962] kw=1962
Дудра Яків,1894.0,1974.0,80.0,WAVE3,high,year=[1974] kw=1974
Дункель Євген Борисович,1890.0,1972.0,82.0,WAVE3,high,year=[1972] kw=1972
Дуркевич Микола Михайлович,1936.0,2021.0,85.0,WAVE3,high,year=[1964] kw=postwar
Дутко Ольга Михайлівна,1910.0,2004.0,94.0,WAVE4,medium,year=[2004]
Дядинюк Василь,1900.0,1944.0,44.0,WAVE1,medium,year=[] kw=unr
Дяченко Григорій Онуфрійович,1896.0,1959.0,63.0,WAVE3,high,"year=[1959, 1972] kw=1959"
Егізм Борис Ісакович,1869.0,1946.0,77.0,WAVE2,high,year=[1944] kw=1944
Едуардс Борис Вільямович,1860.0,1924.0,64.0,UNKNOWN,low,no_year_no_keyword
Ейдельман Олександр Лазарович,1902.0,1995.0,93.0,WAVE2,medium,year=[1941] kw=None
Ейстеррайхер Зепп,,1905.0,,WAVE4,medium,year=[1996]
Екстер Олександра Олександрівна,1882.0,1949.0,67.0,WAVE3,high,year=[1949] kw=1949
Ельман Міша,1891.0,1967.0,76.0,WAVE3,high,year=[1967] kw=1967
Ерліх Володимир Ісакович,1924.0,2001.0,77.0,WAVE3,high,"year=[1950, 1964] kw=1950"
Естрела-Льопис Рафаель Філібертович,1918.0,2008.0,90.0,WAVE1,high,year=[1918] kw=civil war
Євсевський Федір  Андрійович,1899.0,1969.0,70.0,WAVE1,medium,year=[1918] kw=None
Єлачич Євген  Олександрович,1880.0,1945.0,65.0,WAVE2,high,year=[1945] kw=wwii
Ємець-Кравців Дарія-Тетяна,1916.0,2007.0,91.0,WAVE4,medium,year=[2007]
Єндик Ростислав-Роман Дмитрович,1906.0,1974.0,68.0,WAVE3,high,year=[1974] kw=1974
Жадан Іван Данилович,1902.0,1995.0,93.0,WAVE4,medium,year=[1995]
Жепінський Чеслав,1905.0,1995.0,90.0,WAVE4,medium,year=[1995]
Жердинівська Маргарита Ісаківна,1932.0,2015.0,83.0,WAVE3,medium,"year=[1953, 1960, 1975] kw=None"
Животко Аркадій Петрович,1890.0,1948.0,58.0,WAVE3,high,year=[1948] kw=1948
Животко-Чернова Олександра Дем’янівна,1894.0,1973.0,79.0,WAVE3,high,year=[1973] kw=1973
Животовський Сергій Васильович,1869.0,1936.0,67.0,UNKNOWN,low,no_year_no_keyword
Жигало Володимир Олексійович,1954.0,2006.0,52.0,WAVE3,high,"year=[1954, 1981, 1989] kw=1989"
Жигимонт Петро Іванович,1914.0,2003.0,89.0,WAVE3,medium,"year=[1948, 1968] kw=None"
Жила Володимир-Тарас,1919.0,2004.0,85.0,WAVE1,medium,year=[1919] kw=None
Житецький Гнат Павлович,1866.0,1929.0,63.0,UNKNOWN,low,no_year_no_keyword
Жубинська Валентина Янівна,1926.0,2013.0,87.0,WAVE3,medium,"year=[1949, 1955, 1959] kw=None"
Жук Василь,1924.0,2005.0,81.0,WAVE3,medium,year=[1947] kw=None
Жук Люба (Любомира) Семенівна,1930.0,2024.0,94.0,WAVE3,medium,year=[1983] kw=None
Жук Сергій Стефанович,1885.0,1969.0,84.0,WAVE3,high,year=[1969] kw=1969
Жуковський Іван Євгенович,1901.0,1980.0,79.0,WAVE3,high,"year=[1972, 1980] kw=1980"
Журба Тамара Гнатівна,1939.0,2021.0,82.0,WAVE2,medium,year=[1939] kw=None
Забіла (Забелло) Пармен Петрович,1830.0,1917.0,87.0,WAVE1,high,year=[1917] kw=1917
Завітневич Василь Прокопович,1899.0,1983.0,84.0,WAVE3,high,year=[1983] kw=1983
Загачевський Євстахій Ілліч,1919.0,1998.0,79.0,WAVE1,medium,year=[1919] kw=None
Загородников  Володимир Григорович,1896.0,1984.0,88.0,WAVE3,high,year=[1984] kw=1984
Загороднюк Володимир Павлович,1889.0,1976.0,87.0,WAVE1,medium,year=[1920] kw=None
Загорський Юрій,,1939.0,,WAVE2,high,year=[1939] kw=1939
Задорожний Іван Михайлович,1916.0,1972.0,56.0,WAVE3,high,year=[1972] kw=1972
Заєць Володимир Аполлінарійович,1949.0,2002.0,53.0,WAVE3,medium,"year=[1949, 1972, 1987] kw=None"
Зайферт Ігор Андрійович,1909.0,1972.0,63.0,WAVE2,medium,year=[1941] kw=None
Зайцев Павло Іванович,1886.0,1965.0,79.0,WAVE2,medium,year=[1939] kw=None
Зайцева Олена Олександрівна,1890.0,1970.0,80.0,WAVE3,high,year=[1970] kw=1970
Залеський Зиґмунт Сиґізмундович,1885.0,1945.0,60.0,WAVE2,high,year=[1945] kw=1945
Залеський  Осип Степанович,1892.0,1984.0,92.0,WAVE3,high,year=[1984] kw=1984
Залеський Степан,1915.0,1970.0,55.0,WAVE2,medium,year=[1939] kw=None
Залозецький-Сас Володимир Романович,1896.0,1959.0,63.0,WAVE1,medium,year=[1919] kw=None
Залуцький Рудольф (Роман),1891.0,1966.0,75.0,WAVE3,high,year=[1966] kw=1966
Зарицька Євгенія  Ромуальдівна,1910.0,1979.0,69.0,WAVE3,high,year=[1979] kw=1979
Зарицька-Омельченко Софія  Северинівна,1897.0,1972.0,75.0,WAVE1,medium,year=[1920] kw=None
Зарицький Йосип,1891.0,1985.0,94.0,WAVE3,high,"year=[1959, 1985] kw=1959"
Захарук Дмитро  Ількович,1894.0,1983.0,89.0,WAVE3,high,year=[1983] kw=1983
Заяць Іван,1895.0,1963.0,68.0,WAVE3,high,year=[1963] kw=1963
Заяць Іван-Богдан Юліанович,1910.0,1999.0,89.0,WAVE2,medium,year=[1944] kw=None
Збоїнська-Рушковська Гелена,1877.0,1948.0,71.0,WAVE3,medium,year=[1948] kw=None
Збрижер Моріс,1896.0,1981.0,85.0,WAVE3,high,year=[1981] kw=1981
Збура Іван,1860.0,1940.0,80.0,WAVE2,high,year=[1940] kw=1940
Звєрева Лідія Іванівна,1925.0,2023.0,98.0,WAVE3,medium,"year=[1949, 1984, 1986] kw=None"
Зельдич Ася Давидівна,1928.0,2008.0,80.0,WAVE3,high,"year=[1959, 1985, 1990] kw=1990"
Зєлик-Гомотюк Ірина,,1929.0,,WAVE4,medium,year=[2015]
Зілинський Орест,1923.0,1976.0,53.0,WAVE2,medium,year=[] kw=wwii
Зілоті Олександр Ілліч,1863.0,1945.0,82.0,WAVE2,high,year=[1945] kw=1945
Зільберман Хана Рефулівна,1935.0,1980.0,45.0,WAVE3,high,"year=[1959, 1980] kw=1980"
Зінкевич Осип Степанович,1925.0,2017.0,92.0,WAVE4,medium,year=[2017]
Змий Володимир,1909.0,1941.0,32.0,WAVE2,high,year=[1941] kw=1941
Зозуля Олександр Дмитрович,1907.0,1996.0,89.0,WAVE4,medium,year=[1996]
Зозуляк Василь Васильович,1909.0,1994.0,85.0,WAVE4,medium,year=[1994]
Золотова Євгенія Борисівна,1928.0,2020.0,92.0,WAVE3,medium,"year=[1950, 1981] kw=None"
Золотовицька Ірма Львівна,,1932.0,,WAVE3,medium,"year=[1955, 1967, 1973] kw=None"
Зубар Марко,1925.0,1990.0,65.0,WAVE2,high,year=[1943] kw=1943
Зубрицький Діонізій,1895.0,1949.0,54.0,WAVE3,high,year=[1949] kw=1949
Зуєвський Олег Йосипович,1920.0,1996.0,76.0,WAVE1,medium,year=[1920] kw=None
Ібаньєс-Фернандес Арнальдо,1927.0,2005.0,78.0,WAVE3,medium,"year=[1959, 1985, 1987] kw=None"
Іванець Параска Василівна,1920.0,2020.0,100.0,WAVE1,medium,year=[1920] kw=None
Іваницький Іван,1911.0,1999.0,88.0,WAVE4,medium,year=[1999]
Іванців Мар’ян  Пилипович,1906.0,1971.0,65.0,WAVE3,high,year=[1971] kw=1971
Іванчов Федір  Васильович,1916.0,2007.0,91.0,WAVE2,medium,year=[] kw=wwii
Іванчук Ольга  Михайлівна,1906.0,2002.0,96.0,WAVE4,medium,year=[2002]
Івасютин Володимир,1926.0,1985.0,59.0,WAVE2,medium,year=[1945] kw=None
Івах Онуфрій,1900.0,1964.0,64.0,WAVE3,high,year=[1964] kw=1964
Івченко Леся  Михайлівна,1926.0,1945.0,19.0,WAVE2,high,year=[1945] kw=wwii
Ідельчук Едуард  Давидович,1937.0,2007.0,70.0,WAVE3,medium,"year=[1962, 1963] kw=None"
Ізгоєв Олександр  Соломонович,1872.0,1935.0,63.0,UNKNOWN,low,no_year_no_keyword
Іздебський Володимир  Олексійович,1881.0,1965.0,84.0,WAVE3,high,year=[1965] kw=1965
Ізмайлович Дмитро  Васильович,1890.0,1976.0,86.0,WAVE3,high,"year=[1948, 1976] kw=1948"
Ільків Андрій,1906.0,2006.0,100.0,WAVE4,medium,year=[2006]
Ільмій Аблякім,1887.0,1962.0,75.0,WAVE3,high,year=[1962] kw=1962
Інглезі Леонід Васильович,1878.0,1972.0,94.0,WAVE3,high,year=[1972] kw=1972
Інкіжинов Валерій,1893.0,1973.0,80.0,WAVE3,high,year=[1973] kw=1973
Ірецький Віктор Якович,,1882.0,,WAVE1,inferred,death_year<=1922
Ісаєв Микола Олександрович,1891.0,1977.0,86.0,WAVE3,high,year=[1977] kw=1977
Іссерліс Юлій Давидович,1888.0,1968.0,80.0,WAVE3,high,year=[1968] kw=1968
Іщенко Василь Григорович,1883.0,1942.0,59.0,WAVE2,medium,year=[1942] kw=None
Іщук-Пазуняк Наталія Романівна,1922.0,2017.0,95.0,WAVE3,medium,year=[1989] kw=None
Їранек Алоїз,1858.0,1950.0,92.0,WAVE3,high,year=[1950] kw=1950
Їранек Йозеф,1855.0,1940.0,85.0,WAVE2,medium,year=[1940] kw=None
Йогансен Алла Вікентіївна,1901.0,1993.0,92.0,WAVE4,medium,year=[1993]
Йотейко Тадеуш,1872.0,1932.0,60.0,UNKNOWN,low,no_year_no_keyword
Кабаков Ілля Йосипович,1933.0,2023.0,90.0,WAVE4,medium,"year=[2008, 2023]"
Кабанців Анатолій Григорович,1900.0,1956.0,56.0,WAVE3,high,year=[1956] kw=1956
Кавун Іван,1925.0,2001.0,76.0,WAVE4,medium,year=[2001]
Кадлубовський Арсеній Петрович,1867.0,1921.0,54.0,WAVE1,high,year=[1921] kw=civil war
Казандзакіс Нікос,1883.0,1957.0,74.0,WAVE3,high,year=[1957] kw=1957
Калинець Сильвестр Михайлович,1886.0,1946.0,60.0,WAVE3,high,year=[1946] kw=1946
Калинич Любомир,1925.0,2005.0,80.0,WAVE4,medium,year=[2005]
Калинович Євгенія Іванівна,1882.0,1940.0,58.0,WAVE2,high,year=[1940] kw=1940
Калитовська Марта Ієронімівна,1916.0,1990.0,74.0,WAVE2,medium,year=[1939] kw=None
Каменобродський Адольф,1871.0,1946.0,75.0,WAVE3,high,year=[1946] kw=1946
Каменський Борис Сергійович,1870.0,1949.0,79.0,WAVE3,high,year=[1949] kw=1949
Камінський Анатоль Григорович,1925.0,2019.0,94.0,WAVE4,medium,year=[2019]
Камінський Андрій Варфоломійович,1873.0,1957.0,84.0,WAVE3,high,year=[1957] kw=1957
Каневський Давид Ісакович,1906.0,1944.0,38.0,WAVE2,high,year=[1944] kw=1944
Канюка Олександр Кузьмович,1910.0,2000.0,90.0,WAVE4,medium,year=[2000]
Каплан Арнольд Львович,1919.0,1996.0,77.0,WAVE1,medium,year=[1919] kw=None
Каплун Володимир,1912.0,2003.0,91.0,WAVE4,medium,year=[2003]
Каракіс Ірма Йосипівна,1930.0,2022.0,92.0,WAVE3,medium,"year=[1954, 1962, 1968] kw=None"
Карасінський Леопольд,1880.0,1952.0,72.0,WAVE3,medium,year=[1952] kw=None
Кардаш Василь Іванович,1923.0,2002.0,79.0,WAVE3,medium,"year=[1980, 1989] kw=None"
Кардиналовська Тетяна Михайлівна,1899.0,1993.0,94.0,WAVE1,medium,year=[1918] kw=None
Каринська Варвара Андріївна,1886.0,1983.0,97.0,WAVE1,high,"year=[1917, 1921] kw=1917"
Кармазин-Каковський Всеволод,1898.0,1988.0,90.0,WAVE2,medium,year=[] kw=wwii
Кармелюк-Каменський Костянтин Леонтійович,1858.0,1932.0,74.0,UNKNOWN,low,no_year_no_keyword
Карп’як Володимир Олександрович,1909.0,1972.0,63.0,WAVE3,high,year=[1972] kw=1972
Карпенко Олександр,1896.0,1930.0,34.0,WAVE1,medium,year=[1917] kw=None
Карпенко-Криниця Петро,1917.0,2003.0,86.0,WAVE1,medium,year=[1917] kw=None
Карюк Філоніла Василівна,1931.0,2021.0,90.0,WAVE2,medium,year=[1943] kw=None
Кассіян Роман,1922.0,2008.0,86.0,WAVE2,high,year=[1941] kw=wwii
Каськів Теодосій,1878.0,1973.0,95.0,WAVE3,high,year=[1973] kw=1973
Катков Кирило Михайлович,1905.0,1995.0,90.0,WAVE4,medium,year=[1995]
Кауфман Розалія Ісидорівна,1868.0,1939.0,71.0,WAVE2,high,year=[1939] kw=1939
Кацнельсон Абрам Ісакович,1913.0,2003.0,90.0,WAVE4,medium,"year=[1995, 2003]"
Качинський Олександр,1888.0,1958.0,70.0,WAVE1,medium,year=[1920] kw=None
Качмар Володимир Михайлович,1893.0,1964.0,71.0,WAVE3,high,year=[1964] kw=1964
Качуровський Ігор Васильович,1918.0,2013.0,95.0,WAVE1,medium,year=[1918] kw=None
Качуровський Василь,1905.0,2000.0,95.0,WAVE4,medium,year=[2000]
Кашин Володимир Леонідович,1917.0,1992.0,75.0,WAVE1,medium,year=[1917] kw=None
Кейван Іван Миколайович,1907.0,1992.0,85.0,WAVE4,medium,year=[1992]
Кельберін Олександр,1880.0,1940.0,60.0,WAVE1,medium,"year=[1917, 1918] kw=None"
Кемпе Лавро Гнатович,1901.0,1981.0,80.0,WAVE1,medium,year=[1920] kw=None
Кесслер Пилип Максимович,1922.0,1996.0,74.0,WAVE4,medium,year=[1996]
Кжижановський Владислав,1889.0,1973.0,84.0,WAVE3,medium,year=[1973] kw=None
Кжижановський Генрик,1890.0,1960.0,70.0,WAVE3,high,year=[1960] kw=postwar
Кивелюк Володимир,1898.0,1976.0,78.0,WAVE3,high,year=[1976] kw=1976
Кизак Іван Федорович,1856.0,1929.0,73.0,UNKNOWN,low,no_year_no_keyword
Кириленко Ярослав,1913.0,1977.0,64.0,WAVE3,high,year=[1977] kw=1977
Кирилюк Артемій,1911.0,1970.0,59.0,WAVE3,high,year=[1970] kw=1970
Кириченко Юрій,1888.0,1951.0,63.0,WAVE1,medium,year=[1919] kw=None
Киріяк Ілля  Іванович,1888.0,1955.0,67.0,WAVE3,high,"year=[1950, 1955] kw=1955"
Кирчів Роман Богданович,1892.0,1968.0,76.0,WAVE3,high,year=[1968] kw=1968
Кисельова-Білімович Олена Андріївна,1878.0,1974.0,96.0,WAVE3,high,year=[1974] kw=1974
Кисілевський Борис Богданович,1941.0,2013.0,72.0,WAVE2,medium,year=[1941] kw=None
Кислаков (Кисляков) Сергій Анатолійович,1897.0,1980.0,83.0,WAVE1,medium,year=[] kw=civil war
Кім Світлана Давидівна,1947.0,2020.0,73.0,WAVE3,high,"year=[1947, 1974, 1977] kw=1977"
Кіпа Вадим Єремійович,1912.0,1968.0,56.0,WAVE3,medium,"year=[1962, 1968] kw=None"
Кіпніс Мирон Рафаїлович,1913.0,1999.0,86.0,WAVE2,medium,year=[1943] kw=None
Кіпніс Олександр Наумович,1891.0,1978.0,87.0,WAVE3,high,year=[1978] kw=1978
Кіслер Фрідріх-Джон,1890.0,1965.0,75.0,WAVE3,high,year=[1965] kw=1965
Классен Петро Іванович,1906.0,1998.0,92.0,WAVE4,medium,year=[1998]
Кленовський Дмитро,1893.0,1976.0,83.0,WAVE3,high,year=[1976] kw=1976
Клепинін Андрій Миколайович,1871.0,1952.0,81.0,WAVE3,high,year=[1952] kw=1952
Клех Владислав,1922.0,2001.0,79.0,WAVE4,medium,year=[2001]
Клецький Пауль,1900.0,1973.0,73.0,WAVE1,medium,year=[1919] kw=None
Клим Василь Костянтинович,1941.0,2011.0,70.0,WAVE2,high,year=[1941] kw=1941
Клим Галина,1922.0,2004.0,82.0,WAVE2,medium,year=[1943] kw=None
Климків Володимир Григорович,1926.0,2000.0,74.0,WAVE4,medium,year=[2000]
Климко Олександр,1908.0,1970.0,62.0,WAVE3,medium,year=[1970] kw=None
Климовський Ярослав Дмитрович,1907.0,1995.0,88.0,WAVE4,medium,year=[1995]
Климпуш Гаврило Юрійович,1910.0,1990.0,80.0,WAVE3,medium,year=[1990] kw=None
Клігер Ігнац Нахманович,1913.0,1990.0,77.0,WAVE2,high,"year=[1940, 1944] kw=wwii"
Клігман Ізяслав Онисимович,1927.0,2006.0,79.0,WAVE2,medium,year=[1940] kw=None
Кліоновський Михайло,1922.0,1987.0,65.0,WAVE2,medium,year=[1945] kw=None
Кміт Михайло Костянтинович,1910.0,1981.0,71.0,WAVE3,high,year=[1981] kw=1981
Княгиницька-Душенко Тетяна Дмитрівна,1916.0,1982.0,66.0,WAVE3,medium,year=[1982] kw=None
Кобилянський Степан Юліанович,1866.0,1940.0,74.0,WAVE2,medium,year=[1940] kw=None
Ковалевич Іван-Роберт,1896.0,1978.0,82.0,WAVE3,high,year=[1978] kw=1978
Ковалевська-Рик Людмила Миколаївна,1893.0,1977.0,84.0,WAVE1,medium,year=[1917] kw=None
Коваленко Андрій,1913.0,1989.0,76.0,WAVE3,high,year=[1989] kw=1989
Коваленко Божена,,1924.0,,WAVE3,medium,year=[1982] kw=None
Коваленко-Івченко Людмила Миколаївна,1898.0,1969.0,71.0,WAVE3,high,year=[1969] kw=1969
Ковалик Володимир Михайлович,1921.0,2017.0,96.0,WAVE1,high,year=[1921] kw=1921
Ковалів Іван,1916.0,1987.0,71.0,WAVE3,high,year=[1987] kw=1987
Коваль Богдан,1911.0,2000.0,89.0,WAVE4,medium,year=[2000]
Коваль Роман-Іван,1922.0,2004.0,82.0,WAVE4,medium,year=[2004]
Коваль Федір,1913.0,1987.0,74.0,WAVE3,high,year=[1987] kw=1987
Ковальов Павло Іванович,1889.0,1951.0,62.0,WAVE3,high,year=[1951] kw=1951
Ковальський Лев Мар’янович,1870.0,1937.0,67.0,UNKNOWN,low,no_year_no_keyword
Ковач Вілмош Емілович,1927.0,1977.0,50.0,WAVE3,high,"year=[1961, 1977] kw=1977"
Ковач Михайло,1909.0,2005.0,96.0,WAVE4,medium,year=[2005]
Ковнер Федір Олександрович,1895.0,1977.0,82.0,WAVE1,high,"year=[1917, 1920] kw=white army"
Когуська-Левенець Наталія Семенівна,1905.0,2012.0,107.0,WAVE4,medium,year=[2012]
Когут Зоя Миколаївна,1925.0,1997.0,72.0,WAVE4,medium,"year=[1996, 1997]"
Козак Едвард Теодорович,1902.0,1992.0,90.0,WAVE4,medium,year=[1992]
Козак Юрій Едвардович,1933.0,2002.0,69.0,WAVE2,medium,year=[1940] kw=None
Козакевич Степан,1905.0,1957.0,52.0,WAVE1,medium,year=[1917] kw=None
Козакевич-Дядинюк Ольга Володимирівна,1903.0,2004.0,101.0,WAVE4,medium,year=[2004]
Козій Дмитро Федорович,1894.0,1978.0,84.0,WAVE1,medium,year=[1918] kw=None
Козлов Абрам Борисович (Беркович),1877.0,1933.0,56.0,UNKNOWN,low,no_year_no_keyword
Козловська Софія,1871.0,1958.0,87.0,WAVE3,high,year=[1958] kw=1958
Кокольська Марта Миколаївна,1934.0,2007.0,73.0,WAVE3,medium,year=[1954] kw=None
Колесник Володимир Андрійович,1928.0,1997.0,69.0,WAVE3,medium,"year=[1960, 1968] kw=None"
Колесников Степан Федорович,1879.0,1955.0,76.0,WAVE3,high,year=[1955] kw=1955
Колесса Христя,1915.0,1978.0,63.0,WAVE3,medium,year=[1978] kw=None
Колесса Любка,1902.0,1997.0,95.0,WAVE1,medium,year=[1918] kw=None
Колєсар Юліан Драґенович,1927.0,1992.0,65.0,WAVE4,medium,year=[1992]
Колісник Прокіп Миколайович,1957.0,2021.0,64.0,WAVE3,medium,"year=[1957, 1988] kw=None"
Колодуб Галина Володимирівна,1918.0,1994.0,76.0,WAVE1,high,year=[1918] kw=1918
Коломацький Всеволод Володимирович,1896.0,1980.0,84.0,WAVE3,high,year=[1980] kw=1980
Коломиєць Авенір Каленикович,1905.0,1946.0,41.0,WAVE2,medium,year=[] kw=wwii
Коломиєць Анатоль Іванович,1927.0,2014.0,87.0,WAVE3,medium,year=[1948] kw=None
Коломиєць Юрiй Іванович,1930.0,2017.0,87.0,WAVE3,medium,"year=[1955, 1990] kw=None"
Колошняї Мирон,1930.0,2009.0,79.0,WAVE3,medium,year=[1953] kw=None
Кольнік Артур,1890.0,1972.0,82.0,WAVE2,high,year=[1940] kw=1940
Колядинський Степан,1893.0,1926.0,33.0,WAVE1,medium,year=[] kw=russian revolution
Коляска Іван Васильович,1915.0,1997.0,82.0,WAVE3,medium,year=[1948] kw=None
Комарницький Стівен,,1963.0,,WAVE3,high,"year=[1963, 1984] kw=1963"
Кононів Юрій Миколайович,1895.0,1974.0,79.0,WAVE3,high,year=[1974] kw=1974
Конопацький Євген Гнатович,1886.0,1962.0,76.0,WAVE3,high,year=[1962] kw=1962
Конопелець Віталій,1948.0,2003.0,55.0,WAVE3,high,"year=[1948, 1987] kw=1948"
Константинов Володимир Степанович,1907.0,1940.0,33.0,WAVE2,high,year=[1940] kw=westward
Константинович-Хайн Ісидора,1889.0,1981.0,92.0,WAVE3,medium,year=[1981] kw=None
Копач Олександра,1913.0,1998.0,85.0,WAVE4,medium,year=[1998]
Копелєв Лев Зиновійович,1912.0,1997.0,85.0,WAVE3,medium,year=[1980] kw=None
Копитман Марк Рувимович,1929.0,2011.0,82.0,WAVE3,medium,year=[1986] kw=None
Кор’юс Міліца-Елізабет,1909.0,1980.0,71.0,WAVE3,medium,year=[1980] kw=None
Корвін-Шимановська Станіслава,1889.0,1938.0,49.0,UNKNOWN,low,no_year_no_keyword
Кордюк Стефан-Ігор,1946.0,2004.0,58.0,WAVE3,medium,"year=[1946, 1966] kw=None"
Коренєв Володимир Миколайович,1912.0,1988.0,76.0,WAVE1,medium,year=[1921] kw=None
Коренєв-Новоросійський В’ячеслав Федорович,1868.0,1928.0,60.0,UNKNOWN,low,no_year_no_keyword
Коржавін Наум Мойсейович,1925.0,2018.0,93.0,WAVE3,medium,year=[1963] kw=None
Коритко Іван,1903.0,1974.0,71.0,WAVE3,high,year=[1974] kw=1974
Корінь Степан Іванович,1914.0,2007.0,93.0,WAVE4,medium,year=[2007]
Корман Езра,1888.0,1959.0,71.0,WAVE1,medium,"year=[1917, 1919] kw=None"
Корнійчук Артем,1898.0,1978.0,80.0,WAVE1,medium,year=[1918] kw=None
Коровін Костянтин Олексійович,1861.0,1939.0,78.0,WAVE1,medium,year=[] kw=after the revolution
Королева Наталена Андріанівна,1888.0,1966.0,78.0,WAVE3,high,year=[1966] kw=1966
Королик Володимир Семенович,1908.0,1987.0,79.0,WAVE3,high,year=[1987] kw=1987
Корольчук Василь,1922.0,1973.0,51.0,WAVE3,high,year=[1973] kw=1973
Корочанський Мішель,1866.0,1925.0,59.0,UNKNOWN,low,no_year_no_keyword
Корсунський Ярослав Олександрович,1926.0,2009.0,83.0,WAVE2,medium,year=[1944] kw=None
Корсюк Микола Михайлович,1950.0,2020.0,70.0,WAVE3,medium,"year=[1950, 1973] kw=None"
Косач-Борисова Ізидора Петрівна,1888.0,1980.0,92.0,WAVE3,high,year=[1980] kw=1980
Косенко Петро Дмитрович,1922.0,2012.0,90.0,WAVE2,medium,year=[1942] kw=None
Косін Юрій Олександрович,1948.0,2022.0,74.0,WAVE3,medium,year=[1948] kw=None
Косміаді Георгій Петрович,1886.0,1967.0,81.0,WAVE3,high,year=[1967] kw=1967
Коссак Кароль,1896.0,1975.0,79.0,WAVE3,high,"year=[1950, 1975] kw=1975"
Коссовська-Давиденко Алла Юліївна,1906.0,1996.0,90.0,WAVE4,medium,year=[1996]
Костельник Владимир,1930.0,2012.0,82.0,WAVE4,medium,year=[2012]
Костецький Ігор,1913.0,1983.0,70.0,WAVE3,high,year=[1983] kw=1983
Костишин Матвій,1888.0,1976.0,88.0,WAVE3,high,year=[1976] kw=1976
Костриж Віктор Семенович,1949.0,2007.0,58.0,WAVE3,medium,year=[1949] kw=None
Костюк Олександра Федорівна,1899.0,1985.0,86.0,WAVE3,high,year=[1985] kw=1985
Котик Ієхезкель Мойшович,1847.0,1921.0,74.0,WAVE1,high,year=[1921] kw=1921
Котович Володимир,1877.0,1948.0,71.0,WAVE3,high,year=[1948] kw=1948
Котович Наталія Володимирівна,1909.0,1986.0,77.0,WAVE3,high,year=[1986] kw=1986
Кохановська Авґуста Йозефівна,1868.0,1927.0,59.0,UNKNOWN,low,no_year_no_keyword
Коханьський Вацлав,1878.0,1939.0,61.0,WAVE2,high,year=[1939] kw=1939
Коханьський Павло,1887.0,1934.0,47.0,UNKNOWN,low,no_year_no_keyword
Коць-Огаренко Любомира-Зеновія,1923.0,2010.0,87.0,WAVE2,medium,year=[1942] kw=None
Кочемба Василь,1937.0,1998.0,61.0,WAVE4,medium,year=[1998]
Кочур Григорій Порфирович,1908.0,1994.0,86.0,WAVE3,medium,"year=[1968, 1988] kw=None"
Кошелівець Іван Максимович,1907.0,1999.0,92.0,WAVE4,medium,year=[1999]
Кошиць Олександр Антонович,1875.0,1944.0,69.0,WAVE2,high,year=[1944] kw=1944
Кошиць Тетяна Омелянівна,1892.0,1966.0,74.0,WAVE3,high,year=[1966] kw=1966
Кравців Михайло,1887.0,1974.0,87.0,WAVE3,high,year=[1974] kw=1974
Кравцова Наталія Іванівна,,1959.0,,WAVE3,medium,"year=[1959, 1975, 1984] kw=None"
Кравченко Олександр Іванович,1949.0,2023.0,74.0,WAVE3,high,year=[1949] kw=1949
Кравченко Петро Митрофанович,1921.0,2009.0,88.0,WAVE1,medium,year=[1921] kw=None
Крайківський Юліан,1892.0,1975.0,83.0,WAVE1,medium,year=[1918] kw=None
Крайнєв Володимир Всеволодович,1944.0,2011.0,67.0,WAVE2,medium,year=[1944] kw=None
Красотов Олександр Олександрович,1936.0,2007.0,71.0,WAVE3,medium,"year=[1966, 1967, 1987] kw=None"
Крат Павло Георгійович,1882.0,1952.0,70.0,WAVE3,high,year=[1952] kw=1952
Крачковський Дмитро Миколайович,1882.0,1934.0,52.0,UNKNOWN,low,no_year_no_keyword
Крельман Михайло Волькович,,1964.0,,WAVE3,medium,"year=[1964, 1990] kw=None"
Кремер Ізабела (Іза) Яківна,1889.0,1956.0,67.0,WAVE3,high,year=[1956] kw=1956
Кремінський Павло Іванович,1926.0,2009.0,83.0,WAVE2,medium,year=[1940] kw=None
Крец Леон,1907.0,1990.0,83.0,WAVE1,medium,year=[] kw=1920
Кривецький Антін,1911.0,1997.0,86.0,WAVE4,medium,year=[1997]
Кривін Фелікс Давидович,1928.0,2016.0,88.0,WAVE3,medium,"year=[1951, 1955, 1962] kw=None"
Крижанівський Василь Панкратович,1891.0,1926.0,35.0,WAVE1,high,year=[1921] kw=1921
Крижанівський Микола,1901.0,1963.0,62.0,WAVE1,medium,year=[1917] kw=None
Крижанівський Степан Володимирович,1907.0,1993.0,86.0,WAVE4,medium,year=[1993]
Крип’якевич Михайло,1897.0,1968.0,71.0,WAVE3,high,year=[1968] kw=1968
Криса Василь,1904.0,1969.0,65.0,WAVE3,high,year=[1969] kw=1969
Кричевська Олена Євгенівна,1892.0,1964.0,72.0,WAVE3,high,year=[1964] kw=1964
Кричевська-Лінде Галина Василівна,1918.0,2006.0,88.0,WAVE1,high,year=[1918] kw=1918
Кричевська-Росандич Катерина Василівна,1926.0,2021.0,95.0,WAVE4,medium,year=[2021]
Кричевський Василь Васильович,1901.0,1978.0,77.0,WAVE3,high,year=[1978] kw=1978
Кричевський Микола Васильович,1898.0,1961.0,63.0,WAVE3,high,year=[1961] kw=1961
Кричковський Дионисій,1861.0,1939.0,78.0,WAVE2,high,year=[1939] kw=1939
Кромпець-Морачевська Марія Петрівна,1897.0,1960.0,63.0,WAVE3,high,year=[1960] kw=1960
Крохмалюк Юрій Андрійович,1904.0,1994.0,90.0,WAVE3,medium,year=[1955] kw=None
Крук Григорій Якович,1911.0,1988.0,77.0,WAVE2,high,year=[1940] kw=1940
Крушельницька Надія-Богданна Володимирівна,1930.0,1998.0,68.0,WAVE2,medium,year=[1944] kw=None
Крушельницький Леонтій,1905.0,1982.0,77.0,WAVE3,high,year=[1982] kw=1982
Крушко Степан,1941.0,2021.0,80.0,WAVE2,high,year=[1941] kw=1941
Крюков Борис Іванович,1895.0,1967.0,72.0,WAVE1,medium,year=[1918] kw=None
Кублицька-Піоттух Олександра Андріївна,1860.0,1923.0,63.0,UNKNOWN,low,no_year_no_keyword
Кудлик Теодор Михайлович,1909.0,1990.0,81.0,WAVE3,high,year=[1990] kw=1990
Кудрик Олег Теодосійович,1912.0,1994.0,82.0,WAVE4,medium,year=[1994]
Кузан Мар’ян Степанович,1925.0,2005.0,80.0,WAVE4,medium,year=[2005]
Кузик Дарія Теодозіївна,1923.0,2011.0,88.0,WAVE4,medium,year=[2011]
Кузик Дмитро  Васильович,1906.0,1982.0,76.0,WAVE3,high,year=[1982] kw=1982
Кузнецов Анатолій Васильович,1929.0,1979.0,50.0,WAVE3,high,"year=[1952, 1956, 1957] kw=cold war"
Кузнецов Дмитро Дмитрович,1852.0,1924.0,72.0,UNKNOWN,low,no_year_no_keyword
Кузнецов Микола Дмитрович,1850.0,1929.0,79.0,UNKNOWN,low,no_year_no_keyword
Кузнецова Галина Миколаївна,1900.0,1976.0,76.0,WAVE1,medium,"year=[1918, 1920] kw=None"
Кузьма Любомир-Роман,1913.0,2004.0,91.0,WAVE4,medium,year=[2004]
Кузьменко Світлана Іллівна,1928.0,2013.0,85.0,WAVE4,medium,year=[2013]
Кузьмович Микола Володимирович,1914.0,1981.0,67.0,WAVE3,medium,year=[1981] kw=None
Кузьмович Теофіл-Ізидор Васильович,1906.0,2001.0,95.0,WAVE4,medium,year=[2001]
Кулець Іван Васильович,1880.0,1952.0,72.0,WAVE3,high,year=[1952] kw=1952
Кулик Емілія,1909.0,1990.0,81.0,WAVE3,high,year=[1990] kw=1990
Кулинич Ярослав Павлович,1926.0,2007.0,81.0,WAVE4,medium,year=[2007]
Куліш Володимир Миколайович,1917.0,2009.0,92.0,WAVE1,medium,year=[1917] kw=None
Кульпак Олександр,1913.0,1996.0,83.0,WAVE2,medium,year=[1940] kw=None
Кульчицька-Броберґ Адріяна,1957.0,2014.0,57.0,WAVE3,medium,"year=[1957, 1980] kw=None"
Кульчицький Юрій Петрович,1912.0,1993.0,81.0,WAVE2,medium,year=[1940] kw=None
Купер Еміль Альбертович,1877.0,1960.0,83.0,WAVE1,medium,year=[1918] kw=None
Курах Іван Степанович,1909.0,1968.0,59.0,WAVE3,high,year=[1968] kw=1968
Курдидик Ярослав-Рафаїл  Петрович,1907.0,1990.0,83.0,WAVE3,high,year=[1990] kw=1990
Курило Євген-Ярослав Львович,1912.0,1984.0,72.0,WAVE3,high,year=[1984] kw=1984
Курочко Йосип Семенович,1911.0,1968.0,57.0,WAVE2,medium,year=[] kw=wwii
Курчинський Зиґмунт,1886.0,1953.0,67.0,WAVE2,medium,year=[1944] kw=None
Кусько Андрій,1915.0,1999.0,84.0,WAVE4,medium,year=[1999]
Куцель Борис Леонідович,1901.0,1966.0,65.0,WAVE2,medium,year=[1940] kw=None
Куць Мирослав,1931.0,2013.0,82.0,WAVE4,medium,year=[2013]
Куць Петро,1917.0,1980.0,63.0,WAVE1,high,year=[1917] kw=1917
Куцюк-Кочинський Кирило Андрійович,1910.0,1991.0,81.0,WAVE3,high,year=[1991] kw=1991
Кучар Теодор,,1960.0,,WAVE3,high,"year=[1960, 1982] kw=1960"
Кучер Михайло,1910.0,1975.0,65.0,WAVE3,high,"year=[1949, 1975] kw=1975"
Кучинський Сергій Іванович,1886.0,1969.0,83.0,WAVE3,high,year=[1969] kw=1969
Кучмій Іван  Васильович,1912.0,1988.0,76.0,WAVE3,medium,year=[1988] kw=None
Кучмій-Ільчишин Євгенія  Василівна,1911.0,1979.0,68.0,WAVE3,high,year=[1979] kw=1979
Кушнір Борис  Йосипович,1931.0,2005.0,74.0,WAVE3,medium,"year=[1972, 1984] kw=None"
Кушнір Михайло,1897.0,1988.0,91.0,WAVE3,high,"year=[1950, 1973, 1988] kw=1988"
Кушніревич-Стеців Ярослава,1924.0,2004.0,80.0,WAVE4,medium,year=[2004]
Кушплер Ігор Федорович,1949.0,2012.0,63.0,WAVE3,medium,year=[1949] kw=None
Кшивоблоцький Олександр,1901.0,1979.0,78.0,WAVE1,medium,year=[1919] kw=None
Лабка Ярослав,1910.0,1984.0,74.0,WAVE1,medium,year=[1920] kw=None
Лабунський Віктор,1895.0,1974.0,79.0,WAVE1,medium,year=[1920] kw=None
Лавренко Михайло Теодорович,1901.0,1980.0,79.0,WAVE1,medium,year=[1918] kw=None
Лавришин Зиновій Васильович,1943.0,2017.0,74.0,WAVE2,high,year=[1943] kw=1943
Лаврівський Юрій Володимирович,1909.0,1982.0,73.0,WAVE3,high,year=[1982] kw=1982
Лагодинська-Залеська Галина Миколаївна,1900.0,1964.0,64.0,WAVE3,high,year=[1964] kw=1964
Лада Софія Маркіянівна,1941.0,2016.0,75.0,WAVE2,medium,year=[1941] kw=None
Ладонін Володимир Олексійович,1862.0,1935.0,73.0,UNKNOWN,low,no_year_no_keyword
Лажечников Олександр Іванович,1870.0,1944.0,74.0,WAVE2,medium,year=[1944] kw=None
Лазаренко Іван Терентійович,1896.0,1980.0,84.0,WAVE1,high,year=[1921] kw=1921
Лапинський Яків  Наумович,1928.0,2020.0,92.0,WAVE3,medium,"year=[1959, 1991] kw=None"
Лапідус Моріс,1902.0,2001.0,99.0,WAVE4,medium,year=[2001]
Лапський Остап,1926.0,2012.0,86.0,WAVE2,medium,year=[] kw=wwii
Ласкавий Михайло,1871.0,1954.0,83.0,WAVE3,high,year=[1954] kw=1954
Ласовський Володимир,1907.0,1975.0,68.0,WAVE3,high,year=[1975] kw=1975
Ласовський Ярополк Володимирович,1941.0,2006.0,65.0,WAVE2,medium,year=[1941] kw=None
Ластівка Корнило Остапович,1893.0,1975.0,82.0,WAVE3,high,year=[1975] kw=1975
Латрі Михайло Пелипидович,1875.0,1942.0,67.0,WAVE2,high,year=[1942] kw=1942
Лахман Ґізелла  Сиґізмундівна,1893.0,1969.0,76.0,WAVE3,high,year=[1969] kw=1969
Лаховський Арнольд Борисович,1880.0,1937.0,57.0,UNKNOWN,low,no_year_no_keyword
Лащенко В’ячеслав Митрофанович,1875.0,1953.0,78.0,WAVE3,high,year=[1953] kw=1953
Лащенко Галина Ростиславівна,1911.0,1999.0,88.0,WAVE1,medium,"year=[1920, 1921] kw=None"
Лев Василь Михайлович,1903.0,1991.0,88.0,WAVE2,medium,year=[1941] kw=None
Леваковська Яніна,1890.0,1972.0,82.0,WAVE3,high,year=[1972] kw=1972
Левинська Ірина  Омелянівна,1907.0,1990.0,83.0,WAVE3,high,year=[1990] kw=1990
Левинський Степан  Анастасійович,1902.0,1985.0,83.0,WAVE3,high,year=[1985] kw=1985
Левитська Ніна Григорівна,1902.0,1974.0,72.0,WAVE1,medium,year=[1921] kw=None
Левитський Олексій Петрович,1887.0,1959.0,72.0,WAVE3,high,year=[1959] kw=1959
Левитський (Левицький) Борис  Костянтинович,1893.0,1965.0,72.0,WAVE3,high,year=[1965] kw=1965
Левитський (Левицький) Дмитро Костянтинович,1886.0,1959.0,73.0,WAVE3,high,year=[1959] kw=1959
Левицька Люба,1912.0,2014.0,102.0,WAVE4,medium,year=[2014]
Левицька Софія Пилипівна,1874.0,1937.0,63.0,UNKNOWN,low,no_year_no_keyword
Левицький Микола-Стефан,1870.0,1944.0,74.0,WAVE2,high,year=[1944] kw=1944
Левицький Мирон,1913.0,1993.0,80.0,WAVE4,medium,year=[1993]
Левицький Модест  Олександрович,1874.0,1927.0,53.0,UNKNOWN,low,no_year_no_keyword
Левицький Роман  Володимирович,1908.0,2000.0,92.0,WAVE4,medium,year=[2000]
Левицький Юзеф,1880.0,1964.0,84.0,WAVE3,high,year=[1964] kw=1964
Левицький Борис Васильович,1915.0,1984.0,69.0,WAVE3,medium,year=[1984] kw=None
Левицький Василь Софронович,1899.0,1975.0,76.0,WAVE3,high,year=[1975] kw=1975
Леві Василь Пилипович,1878.0,1954.0,76.0,WAVE3,high,year=[1954] kw=1954
Леві Зигфрид (Григорій) Якович,1850.0,1926.0,76.0,WAVE2,medium,year=[] kw=westward
Левіцькі Міша,1898.0,1941.0,43.0,WAVE2,high,year=[1941] kw=1941
Левченко Семен,1896.0,1991.0,95.0,WAVE1,medium,year=[1917] kw=None
Лейбфрейд Олександр Юрійович,1910.0,2003.0,93.0,WAVE2,medium,year=[1945] kw=None
Леонтович Володимир Миколайович,1866.0,1933.0,67.0,UNKNOWN,low,no_year_no_keyword
Лепкий Марко (Маркіян),1910.0,1988.0,78.0,WAVE3,high,year=[1988] kw=1988
Лесик Роман,1896.0,1990.0,94.0,WAVE3,high,year=[1990] kw=1990
Лещенко Петро Костянтинович,1898.0,1954.0,56.0,WAVE3,high,year=[1954] kw=1954
Лещенко Ігор Єгорович,1962.0,2006.0,44.0,WAVE3,medium,"year=[1962, 1981, 1987] kw=None"
Лещинський Владислав,1852.0,1930.0,78.0,UNKNOWN,low,no_year_no_keyword
Лєкар Борис Григорович,1932.0,2010.0,78.0,WAVE3,high,"year=[1956, 1959, 1963] kw=1959"
Липа Юрій Іванович,1900.0,1944.0,44.0,WAVE2,high,year=[1944] kw=1944
Липка Роман Миколайович,1921.0,1999.0,78.0,WAVE1,medium,year=[1921] kw=None
Лисенко Олександр Євгенович,1914.0,2005.0,91.0,WAVE4,medium,year=[2005]
Лисий Альберт,1935.0,2009.0,74.0,WAVE4,medium,year=[2009]
Лиско Олександр,1916.0,1991.0,75.0,WAVE3,high,year=[1991] kw=1991
Лиссим Симон,1900.0,1981.0,81.0,WAVE3,high,year=[1981] kw=1981
Лисянська Алла Борисівна,1916.0,1943.0,27.0,WAVE1,high,year=[1921] kw=1921
Литвак Анатоль,,1902.0,,WAVE3,high,year=[1974] kw=1974
Литвак Кім Львович,1930.0,2003.0,73.0,WAVE3,medium,"year=[1950, 1964] kw=None"
Литвин Едуард Григорович,1938.0,2000.0,62.0,WAVE3,medium,year=[1965] kw=None
Литвин Ольга,1905.0,1970.0,65.0,WAVE3,high,year=[1970] kw=1970
Литвиненко Сергій Григорович,1899.0,1964.0,65.0,WAVE3,high,year=[1964] kw=1964
Литвинович Пінхас,1894.0,1985.0,91.0,WAVE3,high,"year=[1980, 1985] kw=1985"
Лівицька-Холодна Наталя Андріївна,1902.0,2005.0,103.0,WAVE4,medium,year=[2005]
Ліллє Людвиґ,1897.0,1957.0,60.0,WAVE1,high,year=[1921] kw=1921
Ліндсей Джек,1900.0,1990.0,90.0,WAVE1,medium,year=[1921] kw=None
Ліпецький Євзебій Олександрович,1889.0,1970.0,81.0,WAVE3,high,year=[1970] kw=1970
Лісовський Роберт Антонович,1893.0,1982.0,89.0,WAVE3,high,year=[1982] kw=1982
Лісса Зоф’я,1908.0,1980.0,72.0,WAVE3,high,"year=[1954, 1980] kw=1980"
Ліщинський Юліан-Авдій Юрійович,1905.0,1981.0,76.0,WAVE3,high,year=[1981] kw=post-war
Лобановський Борис Борисович,1926.0,2002.0,76.0,WAVE3,medium,year=[1959] kw=None
Лобачевська Стефанія,1888.0,1963.0,75.0,WAVE3,high,"year=[1949, 1963] kw=1963"
Логінова-Муравйова Тетяна Дмитрівна,1904.0,1993.0,89.0,WAVE1,high,year=[1917] kw=bolshevik
Лозицька Олена Миколаївна,1902.0,1985.0,83.0,WAVE3,high,year=[1985] kw=1985
Лозовик Луїс,1892.0,1973.0,81.0,WAVE3,high,year=[1973] kw=1973
Лопата Василь Іванович,1941.0,2025.0,84.0,WAVE2,medium,year=[1941] kw=None
Лопатто Михайло Осипович,1892.0,1981.0,89.0,WAVE1,medium,year=[1917] kw=None
Лосєв Сергій Дмитрович,1939.0,2004.0,65.0,WAVE2,high,year=[1939] kw=1939
Лоуренс Девід-Герберт-Річард,1885.0,1930.0,45.0,UNKNOWN,low,no_year_no_keyword
Лошак Іван Степанович,1913.0,1990.0,77.0,WAVE3,high,year=[1990] kw=1990
Лошак Михайло Цальович,1918.0,2000.0,82.0,WAVE1,medium,year=[1918] kw=None
Лукавська Євгенія,1914.0,1984.0,70.0,WAVE3,high,year=[1984] kw=1984
Лукан Юрій  Георгійович,1935.0,2001.0,66.0,WAVE3,medium,year=[1955] kw=None
Лукашевич Ганна (Галина) Євгенівна,1885.0,1960.0,75.0,WAVE3,high,year=[1960] kw=1960
Лукашов  Владлен Олексійович,1930.0,2003.0,73.0,WAVE3,medium,"year=[1955, 1961, 1962] kw=None"
Лукіянович-Туркевич Стефанія Іванівна,1898.0,1977.0,79.0,WAVE3,high,year=[1977] kw=1977
Луккер Леонід  Вікторович,1905.0,2001.0,96.0,WAVE4,medium,year=[2001]
Лукомський Георгій Крискентійович,1884.0,1952.0,68.0,WAVE3,high,year=[1952] kw=1952
Луцик Степан,1906.0,1963.0,57.0,WAVE2,medium,year=[1940] kw=None
Луцький Юрій Остапович,1919.0,2001.0,82.0,WAVE1,medium,year=[1919] kw=None
Лучак Мiля,,1937.0,,WAVE2,medium,year=[1941] kw=None
Любинецький Роман Миколайович,1885.0,1945.0,60.0,WAVE2,high,year=[1945] kw=1945
Любченко Аркадій Панасович,1899.0,1945.0,46.0,WAVE2,high,year=[1945] kw=wwii
Лянґерман Генрік,1896.0,1943.0,47.0,WAVE1,high,year=[1918] kw=1918
Ляпунов Сергій Михайлович,1859.0,1924.0,65.0,UNKNOWN,low,no_year_no_keyword
Ляшенко Олександр Васильович,1883.0,1944.0,61.0,WAVE2,high,year=[1944] kw=1944
фон Льовендаль Ґеорґ,1897.0,1964.0,67.0,WAVE3,high,year=[1964] kw=1964
фон Льовендаль Ґеорґ,1897.0,1964.0,67.0,WAVE3,high,year=[1964] kw=1964
М’язін Василь Олексійович,1936.0,2008.0,72.0,WAVE3,high,"year=[1961, 1970] kw=1961"
М’ясоєдов Іван Григорович,1881.0,1953.0,72.0,WAVE3,high,year=[1953] kw=1953
Магденко Петро,1922.0,2002.0,80.0,WAVE2,medium,year=[1940] kw=None
Мадзелян Семен,1922.0,2014.0,92.0,WAVE4,medium,year=[2014]
Мазепа Богдан Іванович,1928.0,1978.0,50.0,WAVE2,medium,year=[1943] kw=None
Мазепа Володимир,1923.0,2011.0,88.0,WAVE3,medium,year=[1949] kw=None
Мазепа Лєшек Зиґмунтович,1931.0,2016.0,85.0,WAVE3,medium,"year=[1981, 1985, 1990] kw=None"
Мазепа-Коваль Галина  Ісаківна,1910.0,1995.0,85.0,WAVE4,medium,year=[1995]
Мазурик Омелян Михайлович,1937.0,2002.0,65.0,WAVE3,medium,year=[1964] kw=None
Мазуркевич Зенон,1939.0,2018.0,79.0,WAVE2,medium,year=[1939] kw=None
Мазуркі Майк,1909.0,1992.0,83.0,WAVE4,medium,year=[1992]
Майковський Іполит  Данилович,1885.0,1963.0,78.0,WAVE3,high,year=[1963] kw=1963
Макаренко Борис,1923.0,2008.0,85.0,WAVE2,high,year=[1944] kw=wwii
Макаренко Сергій Миколайович,1904.0,1979.0,75.0,WAVE3,high,year=[1979] kw=1979
Мако Сергій Олександрович,1885.0,1953.0,68.0,WAVE3,high,year=[1953] kw=1953
Максименко Петро Степанович,1924.0,2012.0,88.0,WAVE3,medium,"year=[1955, 1970] kw=None"
Максимович Борис,1906.0,1994.0,88.0,WAVE4,medium,year=[1994]
Максимович Вероніка,1910.0,1999.0,89.0,WAVE4,medium,year=[1999]
Максимович Жінет Теодорівна,,1929.0,,WAVE2,medium,year=[1940] kw=None
Маланюк Євген  Филимонович,1897.0,1968.0,71.0,WAVE3,high,year=[1968] kw=1968
Маланюк Іра,1919.0,2009.0,90.0,WAVE1,medium,year=[1919] kw=None
Малачинська-Пайздерська Казимира,1879.0,1959.0,80.0,WAVE3,high,year=[1959] kw=1959
Малевич Володимир Степанович,1887.0,1953.0,66.0,WAVE3,high,year=[1953] kw=1953
Малецький Михайло Миронович,1900.0,1991.0,91.0,WAVE1,medium,year=[1920] kw=None
Малик Ісак Юхимович,1884.0,1975.0,91.0,WAVE3,medium,year=[1975] kw=None
Малішевський Вітольд Йосипович,1873.0,1939.0,66.0,WAVE2,high,year=[1939] kw=1939
Малько Микола Андрійович,1883.0,1961.0,78.0,WAVE3,high,year=[1961] kw=1961
Малюца Антін Іванович,1908.0,1970.0,62.0,WAVE3,high,year=[1970] kw=1970
Мамченко Віктор Андрійович,1901.0,1982.0,81.0,WAVE1,medium,year=[1920] kw=None
Мандич Олена (Йолана) Степанівна,1902.0,1975.0,73.0,WAVE1,medium,year=[1921] kw=None
Мандичевська Катерина Василівна,1867.0,1957.0,90.0,WAVE3,high,year=[1957] kw=1957
Мандичевський Ераст Васильович,1860.0,1946.0,86.0,WAVE3,high,year=[1946] kw=1946
Мандичевський Євсевій (Евзебій) Васильович,1857.0,1929.0,72.0,UNKNOWN,low,no_year_no_keyword
Мандрика Ганна Тимофіївна,1894.0,1957.0,63.0,WAVE3,high,year=[1957] kw=1957
Мандрика Микита Іванович,1886.0,1977.0,91.0,WAVE3,high,year=[1977] kw=1977
Маневич Абрам Аншелович,1881.0,1942.0,61.0,WAVE2,high,year=[1942] kw=1942
Маневич Олександр Мендельович,1907.0,1976.0,69.0,WAVE3,high,year=[1976] kw=1976
Манько Григорій Єрофійович,1885.0,1974.0,89.0,WAVE3,high,year=[1974] kw=1974
Мар’яшець Олександр Семенович,1883.0,1953.0,70.0,WAVE3,high,year=[1953] kw=1953
Мараз Роман,1911.0,1979.0,68.0,WAVE3,high,year=[1979] kw=1979
Марголіс Давид Ізраїльович,1911.0,2003.0,92.0,WAVE4,medium,year=[2003]
Мариняк Ольга,1904.0,1939.0,35.0,WAVE2,high,year=[1939] kw=1939
Маркаде Валентина Дмитрівна,1910.0,1994.0,84.0,WAVE1,high,year=[1918] kw=1918
Маркевич Дмитро Борисович,1923.0,2002.0,79.0,WAVE4,medium,year=[2002]
Маркевич Ігор Борисович,1912.0,1983.0,71.0,WAVE3,high,year=[1983] kw=1983
Маркова Наталія Миколаївна,1911.0,2006.0,95.0,WAVE1,high,year=[1920] kw=1920
Маркович Зоя,1919.0,1997.0,78.0,WAVE1,medium,year=[1919] kw=None
Маркович Павло,1924.0,2006.0,82.0,WAVE4,medium,year=[2006]
Маркович Марія Едуардівна,1873.0,1965.0,92.0,WAVE3,high,year=[1965] kw=1965
Маркович Петро Костянтинович,1937.0,2018.0,81.0,WAVE3,high,year=[1968] kw=1968
Марс Вітольд-Тадеуш,1908.0,1985.0,77.0,WAVE3,high,year=[1985] kw=1985
Мартиненко Олександр Антонович,1895.0,1983.0,88.0,WAVE1,medium,year=[1918] kw=None
Мартинець-Туркевич,1899.0,1983.0,84.0,WAVE3,high,year=[1983] kw=1983
Мартинюк Микола,1909.0,2000.0,91.0,WAVE4,medium,year=[2000]
Мартиросова Вікторина Лаврентіївна,,1933.0,,WAVE3,high,year=[1977] kw=1977
Марусевич Степан,1913.0,1984.0,71.0,WAVE3,high,year=[1984] kw=1984
Марцинковський Володимир Филимонович,1884.0,1971.0,87.0,WAVE3,high,year=[1971] kw=1971
Марченко Віктор Федорович,1946.0,2010.0,64.0,WAVE3,high,"year=[1946, 1973, 1975] kw=1946"
Маршинський Аполлінарій  Сератонович,1865.0,1929.0,64.0,UNKNOWN,low,no_year_no_keyword
Масик Олександр Володимирович,1947.0,2021.0,74.0,WAVE3,high,"year=[1947, 1972] kw=1972"
Масикевич Орест Сидорович,1911.0,1980.0,69.0,WAVE3,high,year=[1980] kw=1980
Маслов Леонід Миколайович,1909.0,1943.0,34.0,WAVE1,high,"year=[1917, 1920] kw=1920"
Масютин Василь Миколайович,1884.0,1955.0,71.0,WAVE3,high,year=[1955] kw=1955
Матвіїшин Володимир Григорович,1935.0,2012.0,77.0,WAVE3,medium,"year=[1959, 1991] kw=None"
Матіяш Василь,1911.0,1982.0,71.0,WAVE3,high,year=[1982] kw=1982
Матушевський Юрій Федорович,1905.0,1977.0,72.0,WAVE3,high,year=[1977] kw=1977
Матяшовська Юстина Іванівна,1931.0,2018.0,87.0,WAVE4,medium,year=[2018]
Махиня Гаврило,1915.0,1999.0,84.0,WAVE4,medium,year=[1999]
Маценко Павло Пилипович,1897.0,1991.0,94.0,WAVE3,high,year=[1991] kw=1991
Мацігоновська Ая (Олена),1937.0,1989.0,52.0,WAVE3,high,"year=[1957, 1989] kw=1989"
Мацкевич Костянтин,1894.0,1985.0,91.0,WAVE3,high,year=[1985] kw=1985
Мацкін Рувим Ізраїльович,1926.0,1996.0,70.0,WAVE3,medium,"year=[1955, 1964, 1970] kw=None"
Мацюк Любомир Костянтинович,1920.0,1991.0,71.0,WAVE1,medium,year=[1920] kw=None
Машір Марія Іванівна,1890.0,1944.0,54.0,WAVE2,high,year=[1944] kw=1944
Мегик Петро Дем’янович,1899.0,1992.0,93.0,WAVE3,medium,"year=[1952, 1961] kw=None"
Мегоффер Юзеф,1869.0,1946.0,77.0,WAVE3,medium,year=[1946] kw=None
Медвецький Микола Вікторович,1930.0,2007.0,77.0,WAVE3,high,year=[1985] kw=1985
Межберґ Лев Леонідович,1933.0,2007.0,74.0,WAVE3,high,"year=[1958, 1962] kw=1958"
Межерицький Леонід Якович,1930.0,2007.0,77.0,WAVE3,medium,"year=[1955, 1960, 1971] kw=None"
Межировський Борис Йосипович,1876.0,1951.0,75.0,WAVE3,high,year=[1951] kw=1951
Мелешко Фотій Минович,1889.0,1970.0,81.0,WAVE3,high,year=[1970] kw=1970
Мельник Григорій  Микитович,1882.0,1968.0,86.0,WAVE1,high,year=[1919] kw=1919
Мельник Андрій,1888.0,1967.0,79.0,WAVE3,high,year=[1967] kw=1967
Мельник Богдан Осипович,1914.0,2011.0,97.0,WAVE4,medium,year=[2011]
Мельничин Василь  Андрійович,1922.0,1992.0,70.0,WAVE2,medium,year=[1944] kw=None
Мельничук Станіслав Тимофійович,1940.0,2022.0,82.0,WAVE2,medium,year=[1940] kw=None
Менкес Зиґмунт-Юзеф,1896.0,1986.0,90.0,WAVE1,medium,year=[1919] kw=None
Ментух Андрій Іванович,1929.0,2025.0,96.0,WAVE2,high,year=[1944] kw=wwii
Меркель Єжи-Давид,1881.0,1976.0,95.0,WAVE3,high,year=[1976] kw=1976
Месмахер Максиміліан-Едуард Єгорович,1842.0,1906.0,64.0,WAVE1,inferred,death_year<=1922
Меттер Еммануїл Леонович,1878.0,1941.0,63.0,WAVE2,high,year=[1941] kw=1941
Мигайчук Євген,1935.0,1999.0,64.0,WAVE4,medium,year=[1999]
Мигаль Іванна Григорівна,1937.0,1983.0,46.0,WAVE2,medium,year=[1944] kw=None
Мигасюк Ярослав,1913.0,1987.0,74.0,WAVE3,high,year=[1987] kw=1987
Мизь Роман,1932.0,2017.0,85.0,WAVE3,medium,year=[1988] kw=None
Микитюк Олександр,1906.0,1986.0,80.0,WAVE3,high,year=[1986] kw=1986
Микиша Тарас Михайлович,1913.0,1958.0,45.0,WAVE3,high,year=[1958] kw=1958
Миколайський Юліан,1904.0,1952.0,48.0,WAVE3,high,year=[1952] kw=postwar
Миллий Дезидерій,1906.0,1971.0,65.0,WAVE3,medium,year=[1971] kw=None
Миронюк Лавро Зиновійович,1887.0,1931.0,44.0,WAVE1,high,year=[1917] kw=1917
Мирош Михайло,1893.0,1976.0,83.0,WAVE3,high,year=[1976] kw=1976
Михайлов Павло Олександрович,1878.0,1962.0,84.0,WAVE3,high,year=[1962] kw=1962
Михайлов-Стоян Костянтин Іванович,1853.0,1914.0,61.0,WAVE1,inferred,death_year<=1922
Михалевич Михайло,1906.0,1984.0,78.0,WAVE3,high,year=[1984] kw=1984
Мишуга Олександр Пилипович,1853.0,1922.0,69.0,WAVE1,inferred,death_year<=1922
Мілонадіс Костянтин,1926.0,2012.0,86.0,WAVE3,high,"year=[1951, 1957] kw=1951"
Мільштейн Натан Миронович,1904.0,1992.0,88.0,WAVE3,high,year=[1975] kw=1975
Мілян Наталія,1896.0,1942.0,46.0,WAVE2,high,year=[1942] kw=1942
Мінкевич Вітольд,1880.0,1961.0,81.0,WAVE3,high,year=[1961] kw=1961
Мінкус Михайло Адольфович,1905.0,1963.0,58.0,WAVE3,high,"year=[1949, 1963] kw=1949"
Мінський Джозеф Петрович,1947.0,1994.0,47.0,WAVE3,medium,"year=[1947, 1951, 1966] kw=None"
Мінський Микола Максимович,1855.0,1937.0,82.0,UNKNOWN,low,no_year_no_keyword
Мінчин Абрам,1898.0,1931.0,33.0,WAVE1,medium,year=[1918] kw=None
Мірошник Анатолій Михайлович,1923.0,2011.0,88.0,WAVE4,medium,year=[2011]
Мірська Марія,1886.0,1959.0,73.0,WAVE3,high,year=[1959] kw=1959
Міхаловський Александр,1851.0,1938.0,87.0,UNKNOWN,low,no_year_no_keyword
Міщаков Михайло,1896.0,1969.0,73.0,WAVE1,medium,year=[1921] kw=None
Модрицький Леонід-Зиновій,1949.0,2020.0,71.0,WAVE3,high,"year=[1949, 1970, 1974] kw=1949"
Мойсіяха Андрій Іпатійович,1887.0,1972.0,85.0,WAVE3,high,year=[1972] kw=1972
Мокловський Тадеуш,1878.0,1956.0,78.0,WAVE3,high,year=[1956] kw=1956
Мокрицький Ювеналій-Йосип,1911.0,2002.0,91.0,WAVE4,medium,year=[2002]
Молдавин Мойсей  Йонович,1903.0,1993.0,90.0,WAVE3,medium,year=[1959] kw=None
Молодожанин Леонід Григорович,1915.0,2009.0,94.0,WAVE3,medium,"year=[1973, 1989] kw=None"
Мольнар Михайло Ілліч,1930.0,2006.0,76.0,WAVE4,medium,year=[2006]
Монік Едуар,,1931.0,,WAVE3,medium,year=[1977] kw=None
Монкевич Борис Григорович,1896.0,1971.0,75.0,WAVE3,high,year=[1971] kw=1971
Морачевський Юрій Вацлавович,1896.0,1935.0,39.0,UNKNOWN,low,no_year_no_keyword
Мордасевич Казімєж,1859.0,1923.0,64.0,UNKNOWN,low,no_year_no_keyword
Мордвинова Ольга Карлівна,1877.0,1953.0,76.0,WAVE3,high,year=[1953] kw=1953
Мороз Михайло  Ілліч,1904.0,1992.0,88.0,WAVE4,medium,year=[1992]
Мороз-Котко Зінаїда,1920.0,1985.0,65.0,WAVE1,high,year=[1920] kw=1920
Морозов Вадим Львович,1867.0,1942.0,75.0,WAVE2,high,year=[1942] kw=1942
Морозов Георгій  Вадимович,1900.0,1993.0,93.0,WAVE1,high,year=[1920] kw=1920
Морозова Людмила  Миколаївна,1907.0,1997.0,90.0,WAVE3,high,year=[1951] kw=1951
Морфессі Юрій  Спиридонович,1882.0,1957.0,75.0,WAVE3,high,year=[1957] kw=1957
Мосендз Леонід Маркович,,1897.0,,WAVE3,high,year=[1948] kw=1948
Моцюк Ярослав,1927.0,2007.0,80.0,WAVE4,medium,year=[2007]
Мочульський Костянтин  Васильович,1892.0,1948.0,56.0,WAVE3,high,year=[1948] kw=1948
Мошинський Володимир,1895.0,1988.0,93.0,WAVE3,high,year=[1988] kw=1988
Мошуманська-Назар Кристина,1924.0,2008.0,84.0,WAVE4,medium,year=[2008]
Мощенко Кость  Васильович,1876.0,1963.0,87.0,WAVE3,high,year=[1963] kw=1963
Мудрецький Любомир,1927.0,2001.0,74.0,WAVE4,medium,year=[2001]
Мудрик-Мриц Ніна Андріївна,1927.0,1995.0,68.0,WAVE4,medium,year=[1995]
Музиченко Олег Олександрович,1908.0,1993.0,85.0,WAVE4,medium,year=[1993]
Музическу Гавриїл,1847.0,1903.0,56.0,WAVE1,inferred,death_year<=1922
Музичка Степан Микитович,1926.0,1985.0,59.0,WAVE2,medium,year=[1942] kw=None
Мулерман Вадим Йосипович,1938.0,2018.0,80.0,WAVE3,medium,"year=[1968, 1991] kw=None"
Мулькевич Карло,1904.0,1995.0,91.0,WAVE4,medium,year=[1995]
Мунд Генрик Якович,1902.0,1960.0,58.0,WAVE1,medium,year=[1919] kw=None
Мунштейн Леонід Григорович,1866.0,1947.0,81.0,WAVE3,high,year=[1947] kw=1947
Муратов Ігор Леонтійович,1912.0,1973.0,61.0,WAVE3,medium,year=[1973] kw=None
Мусійчук Степан,1894.0,1952.0,58.0,WAVE3,high,year=[1952] kw=1952
Мускур Осип,1912.0,1993.0,81.0,WAVE4,medium,year=[1993]
Мухин Михайло Миколайович,1894.0,1974.0,80.0,WAVE3,high,year=[1974] kw=1974
Мухін Микола-Богдан Іванович,1916.0,1962.0,46.0,WAVE3,high,year=[1962] kw=1962
Мушка Юлій,1919.0,2013.0,94.0,WAVE1,medium,year=[1919] kw=None
Надь Митро,1896.0,1962.0,66.0,WAVE3,high,year=[1962] kw=1962
Назарик Ярослав,1922.0,2001.0,79.0,WAVE2,medium,year=[1942] kw=None
Накамулі Віра Євгенівна,1906.0,1971.0,65.0,WAVE1,medium,year=[1920] kw=None
Наленч Володимир-Ян,1865.0,1946.0,81.0,WAVE3,high,year=[1946] kw=1946
Наріжна Ірина Лаврівна,1902.0,1978.0,76.0,WAVE3,high,year=[1978] kw=1978
Небелюк Мирослав-Михайло Васильович,1914.0,1999.0,85.0,WAVE4,medium,year=[1999]
Небесник Микола,1912.0,2002.0,90.0,WAVE4,medium,year=[2002]
Невельсон Луїза,1899.0,1988.0,89.0,WAVE3,medium,"year=[1966, 1977, 1978] kw=None"
Негель-Семенець Надія Едуардівна,1905.0,1999.0,94.0,WAVE4,medium,year=[1999]
Недзведський Микола Францович,1891.0,1977.0,86.0,WAVE3,high,year=[1977] kw=1977
Неділко Микола Семенович,1902.0,1979.0,77.0,WAVE3,high,year=[1979] kw=1979
Неділько Олександр Федорович,1902.0,1980.0,78.0,WAVE3,high,year=[1980] kw=1980
Недільський Іван Володимирович,1895.0,1970.0,75.0,WAVE3,high,year=[1970] kw=1970
Нейман Еллаїда Данилівна,1926.0,2003.0,77.0,WAVE3,high,"year=[1951, 1960] kw=1951"
Некрасов Віктор Платонович,1911.0,1987.0,76.0,WAVE3,high,"year=[1975, 1987] kw=1987"
Немет Мирослав,1943.0,2009.0,66.0,WAVE2,medium,year=[1943] kw=None
Непогода Іван,1941.0,2014.0,73.0,WAVE2,medium,year=[1941] kw=None
Нестаровський Антон,1872.0,1954.0,82.0,WAVE2,high,year=[1939] kw=1939
Нивинський Антін,1890.0,1945.0,55.0,WAVE2,high,year=[1945] kw=wartime
Нижанківська-Снігурович Дарія,1916.0,1980.0,64.0,WAVE3,high,year=[1980] kw=1980
Нижанківський Нестор Остапович,1893.0,1940.0,47.0,WAVE2,high,year=[1940] kw=1940
Нижанківський Олег Несторович,1924.0,2003.0,79.0,WAVE4,medium,year=[2003]
Нижанківський Омелян Петрович,1895.0,1973.0,78.0,WAVE3,high,year=[1973] kw=1973
Нижник-Винників Іванна Василівна,1912.0,1993.0,81.0,WAVE4,medium,"year=[1993, 1995]"
Нікодемович Андрій Мар’янович,1925.0,2017.0,92.0,WAVE3,medium,"year=[1959, 1967] kw=None"
Ніколаєв Іполит Володимирович,1870.0,1937.0,67.0,WAVE1,high,year=[1917] kw=russian revolution
Ніколенко Микола Йосипович,1912.0,1975.0,63.0,WAVE3,high,year=[1975] kw=1975
Нікулін Всеволод Петрович,1890.0,1968.0,78.0,WAVE3,high,year=[1968] kw=1968
Нілус Петро Олександрович,1869.0,1943.0,74.0,WAVE2,high,year=[1943] kw=1943
Німців Мирослав-Данило,1910.0,1997.0,87.0,WAVE3,high,year=[1962] kw=1962
Нірінберг Павло Рафаїлович,1936.0,2008.0,72.0,WAVE3,medium,"year=[1983, 1985] kw=None"
Нірода Павло,1913.0,1991.0,78.0,WAVE3,high,year=[1991] kw=1991
Новак Микола,1902.0,1992.0,90.0,WAVE4,medium,year=[1992]
Новак Аполлінарій Васильович,1885.0,1955.0,70.0,WAVE3,high,year=[1955] kw=1955
Новаківська Галина Олександрівна,1923.0,2018.0,95.0,WAVE2,medium,year=[1943] kw=None
Новаковська-Ацеданська Ірина,1909.0,1983.0,74.0,WAVE3,medium,year=[1983] kw=None
Новаковський Тадеуш,1879.0,1957.0,78.0,WAVE3,high,year=[1957] kw=1957
Новицький Аркадій,1933.0,1999.0,66.0,WAVE2,medium,year=[1943] kw=None
Новицький Славко,1934.0,2019.0,85.0,WAVE4,medium,year=[2019]
Новосад Мирослав (Мирон),1923.0,2003.0,80.0,WAVE4,medium,year=[2003]
Носалевич Олександр Модестович,1874.0,1959.0,85.0,WAVE3,high,year=[1959] kw=1959
Носенко Наталія Матвіївна,1916.0,2017.0,101.0,WAVE2,medium,year=[1939] kw=None
Носик  Ірина-Романа,1928.0,2016.0,88.0,WAVE4,medium,year=[2016]
Нота Володимир,1921.0,1990.0,69.0,WAVE1,medium,year=[1921] kw=None
Няхай Маруся,,1951.0,,WAVE3,high,year=[1951] kw=1951
О’Коннор-Вілінська Валерія Олександрівна,1866.0,1930.0,64.0,UNKNOWN,low,no_year_no_keyword
Павіль Ілля Анатолійович,1873.0,1948.0,75.0,WAVE3,high,year=[1948] kw=1948
Павлишин Роман,1922.0,2019.0,97.0,WAVE3,medium,year=[1988] kw=None
Павліха Іван Васильович,1938.0,2015.0,77.0,WAVE4,medium,"year=[2000, 2015]"
Павлов Едуард Євгенович,1937.0,2005.0,68.0,WAVE3,high,year=[1961] kw=1961
Павлович Меланія,1932.0,2002.0,70.0,WAVE4,medium,year=[2002]
Павлось Антін,1905.0,1954.0,49.0,WAVE3,medium,year=[1954] kw=None
Павлусевич Володимир,1887.0,1958.0,71.0,WAVE3,high,year=[1958] kw=1958
Падлевський Йосип-Тадеуш Володимирович,1863.0,1943.0,80.0,WAVE2,high,year=[1943] kw=1943
Паздрій Богдан,1904.0,1975.0,71.0,WAVE3,high,year=[1975] kw=1975
Пазуханич Олександр Євгенович,1957.0,2022.0,65.0,WAVE3,high,"year=[1957, 1980, 1988] kw=1980"
Паїн Ісак Ізраїльович,1912.0,1999.0,87.0,WAVE3,medium,"year=[1957, 1966] kw=None"
Палій Ліда,1926.0,2025.0,99.0,WAVE4,medium,year=[2025]
Панкєєв Сергій Костянтинович,1886.0,1979.0,93.0,WAVE3,high,year=[1979] kw=1979
Папара Леонід,1906.0,1984.0,78.0,WAVE3,high,"year=[1948, 1984] kw=1984"
Папгаргаї Дюра,1936.0,2008.0,72.0,WAVE4,medium,year=[2008]
Паращук Михайло Іванович,1878.0,1963.0,85.0,WAVE3,medium,year=[1963] kw=None
Пасічинський Теодор,1886.0,1952.0,66.0,WAVE3,high,year=[1952] kw=1952
Пастернак Леонід Йосипович,1862.0,1945.0,83.0,WAVE2,high,year=[1945] kw=1945
Пачовський Борис,1931.0,2010.0,79.0,WAVE3,high,"year=[1950, 1955] kw=1950"
Пачовський Роман,1911.0,1968.0,57.0,WAVE3,high,year=[1968] kw=1968
Певний Богдан Петрович,1931.0,2002.0,71.0,WAVE3,high,year=[1955] kw=1955
Пежанський Олександр Григорович,1892.0,1972.0,80.0,WAVE3,medium,year=[1972] kw=None
Пеленський Євген-Юлій,1908.0,1956.0,48.0,WAVE3,high,year=[1956] kw=1956
Пельц Степан,1894.0,1987.0,93.0,WAVE3,high,year=[1987] kw=1987
Пер’є Казимир,1901.0,1980.0,79.0,WAVE3,high,year=[1980] kw=1980
Перебийніс Василь,1895.0,1966.0,71.0,WAVE3,high,year=[1966] kw=1966
Перфецький Богдан Євгенович,1913.0,2000.0,87.0,WAVE4,medium,year=[2000]
Перфецький Леонід,1901.0,1977.0,76.0,WAVE3,high,year=[1977] kw=1977
Петеш Зенон Володимирович,1906.0,1992.0,86.0,WAVE4,medium,year=[1992]
Петик Ольга,1922.0,2001.0,79.0,WAVE2,medium,year=[1940] kw=None
Петкі Шандор Ференцович,1917.0,2005.0,88.0,WAVE1,medium,year=[1917] kw=None
Петлюра Лариса (Леся)  Симонівна,1911.0,1941.0,30.0,WAVE1,high,year=[1917] kw=1917
Петренко Василь,1925.0,1984.0,59.0,WAVE3,high,year=[1984] kw=1984
Петришин Ярослав Борисович,1958.0,2025.0,67.0,WAVE3,medium,year=[1958] kw=None
Петрівський Данило Михайлович,1889.0,1981.0,92.0,WAVE3,high,year=[1981] kw=1981
Петрук Василь Михайлович,1886.0,1968.0,82.0,WAVE3,high,year=[1968] kw=1968
Печеніга-Углицький Павло,1892.0,1948.0,56.0,WAVE3,high,year=[1948] kw=1948
Пещанський Володимир Павлович,1873.0,1926.0,53.0,WAVE1,high,year=[1921] kw=1921
Пилюк Дмитро,1900.0,1985.0,85.0,WAVE3,high,year=[1985] kw=1985
Півень Олександр Юхимович,1872.0,1962.0,90.0,WAVE3,high,year=[1962] kw=1962
Пігідо Федір Петрович,1888.0,1962.0,74.0,WAVE3,high,year=[1962] kw=1962
Пігуляк Сильвестр Дарійович,1897.0,1995.0,98.0,WAVE4,medium,year=[1995]
Підгайний Семен Олександрович,1907.0,1965.0,58.0,WAVE3,high,year=[1965] kw=1965
Пікайзен Віктор Олександрович,1933.0,2023.0,90.0,WAVE3,medium,"year=[1949, 1989] kw=None"
Піллер Адольф,1877.0,1951.0,74.0,WAVE3,high,year=[1951] kw=1951
Пітч Едвард-Мірон,1852.0,1939.0,87.0,WAVE2,medium,year=[1939] kw=None
Плешкевич Омелян,1897.0,1960.0,63.0,WAVE3,high,year=[1960] kw=1960
Плющ Леонід Іванович,1939.0,2015.0,76.0,WAVE2,medium,year=[1939] kw=None
Подворняк Михайло Миронович,1908.0,1994.0,86.0,WAVE4,medium,year=[1994]
Подолянин Дмитро,1888.0,1975.0,87.0,WAVE3,high,year=[1975] kw=1975
Подюк Іван Михайлович,1896.0,1979.0,83.0,WAVE3,high,year=[1979] kw=1979
Покорний Ярослав,1919.0,1996.0,77.0,WAVE1,high,year=[1919] kw=1919
Полевський Микола Вікторович,1894.0,1969.0,75.0,WAVE1,medium,year=[1917] kw=None
Полянський Олександер,1890.0,1950.0,60.0,WAVE3,high,year=[1950] kw=1950
Полянський Ярослав,1930.0,1994.0,64.0,WAVE3,medium,year=[1967] kw=None
Попович Михайло,1914.0,1992.0,78.0,WAVE4,medium,year=[1992]
Попович Ольга Петрівна,,1961.0,,WAVE3,high,year=[1961] kw=1961
Поповська Ярослава Іванівна,1914.0,1995.0,81.0,WAVE4,medium,year=[1995]
Порембович Стефан,1904.0,1984.0,80.0,WAVE2,medium,year=[1940] kw=None
Потієвська Ольга Володимирівна,1953.0,2011.0,58.0,WAVE3,high,year=[1953] kw=1953
Потребенко Гелен,1940.0,2022.0,82.0,WAVE2,medium,year=[1940] kw=None
Потурайло Андрій Вікторович,1973.0,2024.0,51.0,WAVE3,medium,"year=[1973, 1985] kw=None"
Прийма Іванна,1898.0,1982.0,84.0,WAVE3,high,year=[1982] kw=1982
Прийма-Богачевська Рома,1927.0,2004.0,77.0,WAVE2,medium,year=[1939] kw=None
Пристай Олекса Теодорович,1863.0,1944.0,81.0,WAVE2,high,year=[1944] kw=1944
Приступа Петро,1920.0,1989.0,69.0,WAVE1,medium,year=[1920] kw=None
Приходько Олекса Кіндратович,1887.0,1977.0,90.0,WAVE3,high,year=[1977] kw=1977
Приходько Ольга Костянтинівна,,1891.0,,WAVE3,high,year=[1981] kw=1981
Продан Володимир,1909.0,1964.0,55.0,WAVE3,medium,year=[1964] kw=None
Прокіпчак Іван,1917.0,1991.0,74.0,WAVE1,high,year=[1917] kw=1917
Прокоп Ангела,1940.0,1971.0,31.0,WAVE2,high,year=[1940] kw=1940
Пронашко Анджей,1887.0,1961.0,74.0,WAVE3,medium,year=[1961] kw=None
Псахіс Мойсей,1909.0,1942.0,33.0,WAVE2,high,"year=[1939, 1942] kw=wwii"
Психарис Янніс,1854.0,1929.0,75.0,UNKNOWN,low,no_year_no_keyword
Пшедвоєвський Войцех,1877.0,1967.0,90.0,WAVE3,high,year=[1967] kw=1967
Рабенчук Володимир Семенович,1944.0,2023.0,79.0,WAVE2,medium,year=[1944] kw=None
Радницький Зиґмунт,1894.0,1969.0,75.0,WAVE2,medium,year=[1939] kw=None
Райхерт-Тот Яніна,1895.0,1986.0,91.0,WAVE2,high,year=[1939] kw=1939
Рапай-Маркіш Ольга Перецівна,1929.0,2012.0,83.0,WAVE3,high,"year=[1960, 1961] kw=1960"
Рейзнер Мечислав,1861.0,1941.0,80.0,WAVE2,medium,year=[1941] kw=None
Рейнарович Лев Потапович,1914.0,1987.0,73.0,WAVE3,high,"year=[1950, 1987] kw=1987"
Риґа Джордж,1932.0,1987.0,55.0,WAVE3,medium,year=[1987] kw=None
Рихтицький Любомир,1921.0,1983.0,62.0,WAVE1,high,year=[1921] kw=1921
Рінгель-Кайль Юлія,1902.0,1943.0,41.0,WAVE1,medium,year=[1920] kw=None
Рожанковський Федір Степанович,1891.0,1970.0,79.0,WAVE3,high,year=[1970] kw=1970
Розенталь Моріц,1862.0,1946.0,84.0,WAVE3,high,year=[1946] kw=1946
Розенфельд Каміла,1875.0,1942.0,67.0,WAVE2,high,year=[1942] kw=1942
Розумний Ярослав Григорович,1925.0,2013.0,88.0,WAVE3,medium,year=[1987] kw=None
Рубчак Богдан-Тиміш Ярославович,1935.0,2018.0,83.0,WAVE4,medium,"year=[1992, 2018]"
Рудакевич-Базюк Стефанія,1904.0,1985.0,81.0,WAVE3,high,year=[1985] kw=1985
Рудловчак Олена Михайлівна,1919.0,2007.0,88.0,WAVE1,high,year=[1919] kw=1919
Ружиський Юзеф-Людвік,1898.0,1974.0,76.0,WAVE1,medium,year=[1920] kw=None
Русов Юрій Олександрович,1895.0,1961.0,66.0,WAVE3,high,year=[1961] kw=1961
Руффер Юзеф,1878.0,1940.0,62.0,WAVE2,high,year=[1940] kw=1940
Сабадош Михайло,1920.0,1999.0,79.0,WAVE1,high,year=[1920] kw=1920
Сагайдачний Валерій Михайлович,1939.0,2009.0,70.0,WAVE2,high,year=[1939] kw=1939
Сагалов Зиновій Вульфович,1930.0,2020.0,90.0,WAVE3,medium,year=[1979] kw=None
Саніна-Шлее Валентина Миколаївна,1899.0,1989.0,90.0,WAVE3,high,year=[1989] kw=1989
Сацюк Олексій,1909.0,1960.0,51.0,WAVE3,high,year=[1960] kw=1960
Семенів Олександр,1888.0,1930.0,42.0,UNKNOWN,low,no_year_no_keyword
Сидоренко Петро Семенович,1926.0,2007.0,81.0,WAVE4,medium,year=[2007]
Синенька-Іваницька Іванна,1897.0,1988.0,91.0,WAVE1,medium,year=[1921] kw=None
Ситник Михайло Васильович,1920.0,1959.0,39.0,WAVE1,high,year=[1920] kw=1920
Січинський Ярослав Володимирович,1924.0,2015.0,91.0,WAVE4,medium,year=[2015]
Сіяк Марія,1880.0,1940.0,60.0,WAVE2,high,year=[1940] kw=1940
Сластіон Юрій Опанасович,1903.0,1980.0,77.0,WAVE3,high,year=[1980] kw=1980
Сліпак Василь Ярославович,1974.0,2016.0,42.0,WAVE3,medium,year=[1974] kw=None
Слуцький Аркадій Йосипович,1940.0,2019.0,79.0,WAVE2,medium,year=[1940] kw=None
Сологуб Ірина,1885.0,1972.0,87.0,WAVE3,high,year=[1972] kw=1972
Соломко Сергій Сергійович,1867.0,1928.0,61.0,UNKNOWN,low,no_year_no_keyword
Станіславський Ян-Ґжегож,1860.0,1907.0,47.0,WAVE1,inferred,death_year<=1922
Стеців Степан Онуфрійович,1905.0,1964.0,59.0,WAVE3,high,year=[1964] kw=1964
Струк Данило,1940.0,1999.0,59.0,WAVE2,medium,year=[1940] kw=None
Сукнацький Андрій,1942.0,2012.0,70.0,WAVE2,high,year=[1942] kw=1942
Тарнавська Марта,,1930.0,,WAVE4,medium,year=[2021]
Тарнавський Остап,1917.0,1992.0,75.0,WAVE1,high,year=[1917] kw=1917
Терлецький Сидір Іванович,1892.0,1953.0,61.0,WAVE3,high,year=[1953] kw=1953
Тимошенко Сергій Прокопович,1881.0,1950.0,69.0,WAVE3,high,year=[1950] kw=1950
Тирович Людвік,1901.0,1958.0,57.0,WAVE1,high,year=[1920] kw=1920
Толвінський Тадеуш Миколайович,1887.0,1951.0,64.0,WAVE3,high,year=[1951] kw=1951
Толвінський Микола Костянтинович,1858.0,1924.0,66.0,UNKNOWN,low,no_year_no_keyword
Трохименко Клим,1898.0,1979.0,81.0,WAVE3,high,year=[1979] kw=1979
Фіала Юрій,1922.0,2017.0,95.0,WAVE4,medium,year=[2017]
Форостина Євген,1883.0,1951.0,68.0,WAVE3,high,year=[1951] kw=1951
Хмелюк Василь Михайлович,1903.0,1986.0,83.0,WAVE1,medium,year=[1918] kw=None
Хомінський Йосип-Михайло,1906.0,1994.0,88.0,WAVE3,medium,"year=[1949, 1960] kw=None"
Цуркан Людмила Георгіївна,1937.0,2019.0,82.0,WAVE4,medium,"year=[1994, 1997, 2019]"
Червеняк Андрій,1932.0,2012.0,80.0,WAVE4,medium,year=[2012]
Черешньовський Михайло Матвійович,1911.0,1994.0,83.0,WAVE4,medium,year=[1994]
Черінь Ганна,1924.0,2016.0,92.0,WAVE4,medium,year=[2016]
Шаґала Роман Васильович,1930.0,2021.0,91.0,WAVE3,medium,year=[1961] kw=None
Швець Михайло Федорович,1880.0,1938.0,58.0,UNKNOWN,low,no_year_no_keyword
Шербул Іван Петрович,1949.0,2022.0,73.0,WAVE3,high,year=[1949] kw=1949
Штепа Павло,1897.0,1980.0,83.0,WAVE3,medium,year=[1980] kw=None
Шуть Василь Кирилович,1899.0,1982.0,83.0,WAVE3,high,year=[1982] kw=1982
Шутюк Юрій Степанович,1945.0,2021.0,76.0,WAVE2,medium,year=[1945] kw=None
Щербина Никифор Панасович,1900.0,1977.0,77.0,WAVE3,high,year=[1977] kw=1977
Щуровська-Росиневич Платоніда,1893.0,1973.0,80.0,WAVE3,high,year=[1973] kw=1973
Юркевич Марія Павлівна,1883.0,1967.0,84.0,WAVE3,high,year=[1967] kw=1967
Яновицький Лев Олександрович,1918.0,2008.0,90.0,WAVE1,medium,year=[1918] kw=None
Аудерська Галина,1904.0,2000.0,96.0,WAVE2,medium,year=[1944] kw=None
Бош Артур-Маріан,1884.0,1953.0,69.0,WAVE3,high,year=[1953] kw=1953
Василевська  Ванда,1905.0,1964.0,59.0,WAVE2,high,year=[1943] kw=wwii
Вінценз Станіслав,1888.0,1971.0,83.0,WAVE3,high,year=[1971] kw=1971
Віттлін Юзеф,1896.0,1976.0,80.0,WAVE1,medium,year=[1918] kw=None
Гакен Едуард,1910.0,1996.0,86.0,WAVE4,medium,year=[1996]
Ґольдфаден Абрам,1840.0,1908.0,68.0,WAVE1,inferred,death_year<=1922
Ґюркович Людомил,1899.0,1980.0,81.0,WAVE3,medium,year=[1980] kw=None
Жидліцький Вацлав,1931.0,2002.0,71.0,WAVE3,medium,year=[1955] kw=None
Зєлінський Адам,1929.0,2010.0,81.0,WAVE4,medium,year=[2010]
Ігнатов Давид,,1885.0,,WAVE3,high,year=[1954] kw=1954
Кавалерович Єжи,1922.0,2007.0,85.0,WAVE2,medium,year=[] kw=wwii
Кавин Стефан,1904.0,1968.0,64.0,WAVE2,medium,"year=[1940, 1944] kw=None"
Калчик Рудольф,1923.0,1980.0,57.0,WAVE3,high,year=[1980] kw=1980
Карклинь Галина-Інга,1923.0,2004.0,81.0,WAVE2,high,year=[1940] kw=1940
Кацев Арон-Абрам,1915.0,2000.0,85.0,WAVE3,medium,year=[1973] kw=None
Керлер Йосип,1918.0,2000.0,82.0,WAVE1,medium,year=[1918] kw=None
Кіттнер Альфред,1906.0,1991.0,85.0,WAVE3,high,year=[1991] kw=1991
Котляр Йосип Соломонович,1908.0,1962.0,54.0,WAVE3,high,year=[1962] kw=1962
Купльовський Міколай,1915.0,1993.0,78.0,WAVE4,medium,year=[1993]
Курочка Мара,,1968.0,,WAVE3,high,year=[1968] kw=1968
Кухарський Євген,1880.0,1952.0,72.0,WAVE1,medium,year=[1921] kw=None
Лапіка Роман,1915.0,2000.0,85.0,WAVE3,medium,year=[1966] kw=None
Лем Станіслав,1921.0,2006.0,85.0,WAVE1,medium,year=[1921] kw=None
Лисенко Мирон,,1952.0,,WAVE3,high,year=[1952] kw=1952
Літвінюк Єжи,1923.0,2012.0,89.0,WAVE3,medium,"year=[1951, 1983, 1989] kw=None"
Надір Моше,,1885.0,,WAVE2,high,year=[1943] kw=1943
Никорович Василь,1924.0,1992.0,68.0,WAVE3,medium,year=[1961] kw=None
Новиков Міхай,1914.0,1992.0,78.0,WAVE4,medium,year=[1992]
